,0,int,str,str,float,int,int,int,int,int,int,int,int,int,int,int,int,int,int,int,int,int,int,int
0,,순위,선수명,팀명,AVG,G,PA,AB,R,H,2B,3B,HR,TB,RBI,SB,CS,BB,HBP,SO,GDP,E,SAC,SF
1,1982,1,백인천,MBC,0.412,71,298,250,,103,23,1,19,,64,11,3,42,3,17,5,0,,
2,1982,2,윤동균,OB,0.342,77,334,284,,97,20,5,8,,47,9,2,45,1,27,3,2,,
3,1982,3,장태수,삼성,0.336,66,264,214,,72,15,3,3,,27,34,14,42,5,33,1,2,,
4,1982,4,신경식,OB,0.334,78,320,293,,98,21,3,4,,54,14,8,20,3,17,2,6,,
5,1982,5,김봉연,해태,0.331,74,304,269,,89,14,1,22,,52,7,2,28,6,16,8,6,,
6,1982,6,이종도,MBC,0.324,77,327,287,,93,15,1,11,,48,21,3,32,4,51,4,4,,
7,1982,7,이광은,MBC,0.313,63,271,243,,76,16,3,5,,36,17,6,12,7,16,6,14,,
8,1982,8,김우열,OB,0.31,62,255,210,,65,8,0,13,,41,14,4,38,6,25,0,0,,
9,1982,9,구천서,OB,0.308,77,316,266,,82,11,5,3,,25,9,5,35,8,32,3,11,,
10,1982,10,김성한,해태,0.305,80,340,318,,97,17,4,13,,69,10,5,9,8,55,7,4,,
11,1982,11,김준환,해태,0.301,80,331,306,,92,13,3,19,,45,10,5,19,3,23,4,4,,
12,1982,12,김용철,롯데,0.3,71,300,253,,76,13,0,10,,39,6,7,41,4,30,6,2,,
13,1982,13,김종모,해태,0.291,78,286,258,,75,12,0,10,,43,7,2,17,3,27,7,15,,
14,1982,14,이만수,삼성,0.289,77,322,270,,78,16,1,13,,51,6,3,46,4,27,13,5,,
15,1982,15,김용희,롯데,0.284,63,263,232,,66,7,0,11,,38,4,1,25,3,19,12,16,,
16,1982,16,조흥운,삼미,0.284,79,327,299,,85,16,4,4,,35,44,12,24,0,29,4,11,,
17,1982,17,오대석,삼성,0.283,72,307,258,,73,15,1,4,,30,14,1,37,3,34,3,13,,
18,1982,18,김성관,롯데,0.275,76,304,273,,75,15,1,7,,40,16,4,18,8,26,8,2,,
19,1982,19,김정수,롯데,0.274,79,333,277,,76,15,2,11,,49,15,7,49,2,30,4,2,,
20,1982,19,정학수,롯데,0.274,77,345,277,,76,18,1,2,,25,13,10,53,6,26,3,12,,
21,1982,21,금광옥,삼미,0.27,77,306,263,,71,12,3,9,,37,2,4,39,1,30,3,11,,
22,1982,22,김일권,해태,0.27,75,330,282,,76,12,1,11,,36,53,17,42,3,18,4,8,,
23,1982,23,김경남,삼미,0.269,77,314,297,,80,15,5,3,,27,2,1,13,0,36,9,5,,
24,1982,24,양세종,OB,0.269,76,336,301,,81,13,1,7,,37,12,13,27,2,17,5,21,,
25,1982,25,양승관,삼미,0.269,72,269,242,,65,6,1,8,,40,3,4,20,3,46,5,4,,
26,1982,26,송영운,MBC,0.262,76,302,263,,69,11,1,1,,28,15,10,27,1,27,4,6,,
27,1982,27,함학수,삼성,0.261,74,289,261,,68,14,2,7,,51,8,2,22,2,34,8,7,,
28,1982,28,김인식,MBC,0.259,79,355,309,,80,9,0,3,,26,35,7,17,18,14,7,15,,
29,1982,29,차영화,해태,0.259,76,323,282,,73,9,1,1,,12,32,10,31,3,20,3,5,,
30,1982,30,유지훤,OB,0.252,80,299,274,,69,14,2,4,,38,12,6,15,2,15,5,25,,
31,1983,1,장효조,삼성,0.369,93,386,317,,117,19,3,18,,62,22,2,58,6,39,1,1,,
32,1983,2,김종모,해태,0.35,86,342,311,,109,17,2,11,,44,7,10,26,3,26,11,3,,
33,1983,3,김성한,해태,0.327,93,382,339,,111,20,0,7,,40,13,7,38,4,38,7,13,,
34,1983,4,박종훈,OB,0.312,97,427,375,,117,19,6,3,,24,7,6,38,3,28,3,3,,
35,1983,5,유두열,롯데,0.307,94,344,293,,90,18,0,9,,36,7,4,37,7,35,5,2,,
36,1983,6,양승관,삼미,0.302,85,312,278,,84,15,2,9,,30,0,2,24,4,36,3,5,,
37,1983,7,이종도,MBC,0.296,98,391,341,,101,25,2,8,,62,16,6,35,7,43,3,9,,
38,1983,8,이만수,삼성,0.294,98,410,357,,105,12,0,27,,73,0,3,41,8,51,11,9,,
39,1983,9,이해창,MBC,0.294,100,444,388,,114,21,4,8,,47,26,14,41,7,33,5,2,,
40,1983,10,김우열,OB,0.291,95,379,333,,97,21,5,9,,56,9,4,39,5,38,8,0,,
41,1983,11,김재박,MBC,0.29,97,433,373,,108,22,2,5,,46,34,12,42,10,23,7,19,,
42,1983,12,박용성,롯데,0.287,97,398,349,,100,19,1,17,,63,6,7,33,8,60,8,5,,
43,1983,13,김용철,롯데,0.281,97,374,327,,92,21,2,14,,38,8,2,38,1,47,4,14,,
44,1983,14,김봉연,해태,0.28,80,329,286,,80,10,1,22,,59,2,2,42,0,28,3,0,,
45,1983,15,정학수,롯데,0.279,97,401,351,,98,15,2,3,,30,9,7,42,1,27,7,17,,
46,1983,16,이영구,삼미,0.277,100,418,368,,102,21,2,5,,36,5,8,30,4,19,10,17,,
47,1983,17,김대진,삼미,0.277,94,363,311,,86,11,1,2,,23,4,1,30,9,35,3,7,,
48,1983,18,김일권,해태,0.275,96,419,374,,103,13,1,6,,26,48,22,35,6,34,7,4,,
49,1983,19,김용희,롯데,0.275,85,333,298,,82,8,1,18,,52,5,6,26,3,30,12,11,,
50,1983,20,윤동균,OB,0.275,97,411,353,,97,19,1,10,,54,7,6,53,2,33,5,3,,
51,1983,21,한대화,OB,0.272,88,344,313,,85,17,5,5,,44,4,1,16,3,43,7,21,,
52,1983,22,김근석,삼성,0.271,89,320,284,,77,12,0,4,,28,2,6,15,13,37,5,11,,
53,1983,23,이광은,MBC,0.271,93,366,329,,89,12,4,8,,36,17,6,24,8,29,10,15,,
54,1983,24,신경식,OB,0.268,100,421,377,,101,15,1,5,,50,9,7,31,7,38,2,1,,
55,1983,25,김인식,MBC,0.263,100,416,380,,100,16,2,1,,30,14,10,11,13,18,0,9,,
56,1983,26,김무종,해태,0.262,93,345,309,,81,19,2,12,,60,2,5,20,5,35,7,10,,
57,1983,27,함학수,삼성,0.261,93,315,295,,77,10,2,5,,32,8,4,12,2,29,5,10,,
58,1983,28,서정환,해태,0.257,98,358,319,,82,11,3,3,,34,13,7,27,4,42,10,26,,
59,1983,29,정구선,삼미,0.256,97,404,356,,91,11,0,15,,35,1,5,35,4,43,4,11,,
60,1983,30,김진우,삼미,0.253,99,424,364,,92,10,1,15,,49,3,1,51,7,45,11,9,,
61,1984,1,이만수,삼성,0.34,89,342,300,,102,17,1,23,,80,3,8,26,12,37,10,1,,
62,1984,2,홍문종,롯데,0.339,100,415,360,,122,25,7,11,,53,36,20,43,7,36,2,2,,
63,1984,3,김용철,롯데,0.327,97,396,346,,113,24,2,21,,67,8,5,39,4,50,6,6,,
64,1984,4,장효조,삼성,0.324,89,365,309,,100,19,7,7,,44,8,8,49,5,25,2,1,,
65,1984,5,김종모,해태,0.316,74,310,272,,86,12,1,14,,44,2,5,35,0,31,10,2,,
66,1984,6,박종훈,OB,0.306,100,315,271,,83,11,2,7,,37,9,5,26,5,18,5,1,,
67,1984,7,양세종,OB,0.301,92,338,299,,90,16,4,6,,47,8,6,28,4,27,5,11,,
68,1984,8,김재박,MBC,0.3,91,392,343,,103,11,5,7,,37,26,11,36,5,33,6,14,,
69,1984,9,김근석,삼성,0.299,86,310,281,,84,14,0,5,,30,3,2,17,4,20,4,10,,
70,1984,10,정구선,삼미,0.293,97,420,351,,103,13,1,12,,46,3,2,62,4,39,7,8,,
71,1984,11,이광은,MBC,0.288,99,414,378,,109,19,3,18,,68,7,7,28,3,51,6,9,,
72,1984,12,윤동균,OB,0.287,99,414,349,,100,14,4,10,,40,14,3,60,1,27,5,1,,
73,1984,13,함학수,삼성,0.277,100,342,318,,88,12,0,9,,45,12,1,17,2,38,7,6,,
74,1984,14,김일환,해태,0.274,96,361,321,,88,15,2,0,,27,4,6,30,3,39,7,11,,
75,1984,15,김우열,OB,0.274,95,373,318,,87,11,1,12,,49,13,5,47,5,48,5,2,,
76,1984,16,이해창,MBC,0.273,100,426,374,,102,16,6,7,,36,36,24,45,3,52,2,2,,
77,1984,17,정영기,롯데,0.271,94,352,321,,87,9,1,1,,28,5,4,20,4,28,8,16,,
78,1984,18,김상훈,MBC,0.271,87,310,277,,75,15,3,0,,31,3,2,27,2,41,6,6,,
79,1984,19,권두조,삼미,0.267,100,423,363,,97,10,2,1,,25,3,2,36,3,36,8,13,,
80,1984,20,김준환,해태,0.267,91,336,307,,82,10,0,6,,29,5,5,20,3,47,9,4,,
81,1984,21,김광수,OB,0.265,100,375,325,,86,18,2,2,,21,23,13,27,7,25,8,11,,
82,1984,22,김인식,MBC,0.258,100,432,387,,100,13,8,3,,28,8,7,22,9,24,5,12,,
83,1984,23,김성한,해태,0.258,99,410,365,,94,16,2,12,,41,7,5,39,4,59,6,26,,
84,1984,24,이영구,삼미,0.257,100,429,378,,97,23,0,5,,37,5,4,40,4,30,16,9,,
85,1984,25,서정환,해태,0.25,94,364,324,,81,11,0,5,,27,9,7,30,3,47,5,13,,
86,1984,26,김봉연,해태,0.249,97,400,341,,85,18,0,17,,48,3,2,50,4,56,16,0,,
87,1984,27,김용희,롯데,0.244,81,334,311,,76,13,2,9,,53,2,1,17,2,38,7,18,,
88,1984,28,신언호,MBC,0.238,100,382,336,,80,13,0,2,,29,5,3,28,8,30,8,4,,
89,1984,29,유두열,롯데,0.229,90,337,292,,67,8,3,11,,32,9,5,26,8,38,2,4,,
90,1984,30,김정수,삼미,0.224,89,324,272,,61,14,2,4,,25,1,6,44,3,43,2,6,,
91,1985,1,장효조,삼성,0.37,107,422,346,,128,23,1,11,,65,17,7,57,4,23,6,2,,
92,1985,2,박종훈,OB,0.342,103,395,348,,119,19,4,6,,51,17,8,29,4,16,2,3,,
93,1985,3,김성한,해태,0.333,105,455,400,,133,29,1,22,,75,8,5,42,3,37,6,7,,
94,1985,4,허규옥,삼성,0.33,104,344,306,,101,14,7,3,,22,26,15,25,4,44,3,0,,
95,1985,5,이만수,삼성,0.322,103,423,357,,115,19,2,22,,87,7,9,42,14,37,13,7,,
96,1985,6,김재박,MBC,0.313,100,431,377,,118,15,3,3,,36,50,17,39,5,29,3,13,,
97,1985,7,송일섭,해태,0.308,104,390,338,,104,15,0,15,,41,3,4,43,6,30,7,4,,
98,1985,8,이순철,해태,0.304,99,411,369,,112,18,5,12,,50,31,12,33,4,48,6,14,,
99,1985,9,김준환,해태,0.301,101,373,336,,101,20,0,5,,38,7,6,27,4,29,10,4,,
100,1985,10,김상훈,MBC,0.3,98,395,360,,108,23,4,5,,51,4,4,29,2,42,7,3,,
101,1985,11,이선웅,청보,0.3,97,378,337,,101,20,1,6,,53,1,2,25,7,33,13,7,,
102,1985,12,김우근,청보,0.288,106,460,400,,115,21,1,5,,31,31,14,49,1,41,13,4,,
103,1985,13,유두열,롯데,0.287,104,425,356,,102,23,4,13,,50,15,6,45,14,38,10,9,,
104,1985,14,김성래,삼성,0.283,103,359,300,,85,16,0,13,,51,5,3,41,13,39,8,10,,
105,1985,15,신경식,OB,0.28,110,457,404,,113,23,4,8,,58,16,3,40,6,44,5,11,,
106,1985,16,이광은,MBC,0.279,87,358,326,,91,11,3,6,,39,20,8,24,4,42,7,4,,
107,1985,17,김일권,해태,0.278,92,361,316,,88,12,4,4,,38,39,19,33,3,23,4,3,,
108,1985,18,김용희,롯데,0.277,101,404,361,,100,18,2,14,,47,2,2,37,2,33,3,5,,
109,1985,19,서정환,해태,0.275,104,422,371,,102,13,0,3,,21,17,12,38,2,40,4,18,,
110,1985,20,김인식,MBC,0.275,110,455,404,,111,14,0,2,,16,17,11,30,8,22,8,17,,
111,1985,21,이해창,삼성,0.27,109,413,352,,95,12,3,7,,43,14,11,49,5,48,5,0,,
112,1985,22,정구선,청보,0.261,110,468,387,,101,14,0,14,,53,2,5,69,7,30,11,4,,
113,1985,23,홍문종,롯데,0.26,108,445,393,,102,23,2,11,,58,16,12,42,0,36,3,4,,
114,1985,24,김광수,OB,0.255,105,455,384,,98,17,0,9,,40,13,12,44,7,40,10,4,,
115,1985,25,김봉연,해태,0.253,91,363,316,,80,9,1,17,,47,7,5,43,3,26,6,1,,
116,1985,26,김용국,삼성,0.239,99,352,306,,73,14,1,7,,37,3,4,34,2,42,10,9,,
117,1985,27,권두조,청보,0.237,110,346,299,,71,12,2,0,,19,8,4,30,6,30,9,25,,
118,1985,28,신언호,MBC,0.226,107,398,371,,84,11,0,1,,28,6,6,16,2,36,7,4,,
119,1985,29,김용철,롯데,0.223,106,417,367,,82,16,1,7,,36,7,4,36,1,45,10,5,,
120,1985,30,한영준,롯데,0.219,109,406,329,,72,9,1,5,,27,7,11,42,11,50,11,14,,
121,1986,1,장효조,삼성,0.329,96,367,304,,100,20,2,6,,41,16,7,59,1,30,6,3,,
122,1986,2,김종모,해태,0.313,104,427,383,,120,19,2,11,,61,6,5,42,0,37,14,0,,
123,1986,3,이광은,MBC,0.304,107,467,408,,124,21,3,15,,60,20,8,48,5,53,3,3,,
124,1986,4,김봉연,해태,0.3,108,453,407,,122,18,3,21,,67,3,5,38,4,30,9,0,,
125,1986,5,한대화,해태,0.298,103,394,342,,102,24,2,14,,66,8,7,40,2,40,13,14,,
126,1986,6,이강돈,빙그레,0.297,104,395,347,,103,14,6,10,,36,11,11,41,0,55,7,5,,
127,1986,7,김상훈,MBC,0.295,92,402,366,,108,13,8,2,,42,3,1,27,4,54,5,7,,
128,1986,8,이종두,삼성,0.294,104,360,323,,95,10,3,9,,42,12,7,20,6,59,7,8,,
129,1986,9,허규옥,삼성,0.293,99,419,376,,110,17,5,4,,33,27,19,27,4,56,3,6,,
130,1986,10,김성래,삼성,0.288,102,391,344,,99,22,1,8,,48,3,1,34,7,42,7,8,,
131,1986,11,김용철,롯데,0.288,102,409,365,,105,26,1,10,,57,13,7,35,4,39,18,16,,
132,1986,12,김형석,OB,0.286,107,405,364,,104,8,5,8,,47,8,8,25,3,51,8,3,,
133,1986,12,김진우,청보,0.286,91,353,301,,86,19,4,8,,41,9,6,38,7,44,13,7,,
134,1986,14,김인식,MBC,0.282,108,343,309,,87,13,1,2,,29,12,5,17,6,15,6,7,,
135,1986,15,김성한,해태,0.28,104,449,404,,113,16,0,18,,57,10,10,32,6,45,8,9,,
136,1986,16,윤덕규,MBC,0.28,107,399,354,,99,21,3,3,,45,3,3,29,5,27,7,0,,
137,1986,17,유고웅,MBC,0.275,101,399,349,,96,11,2,5,,39,12,7,33,3,27,5,17,,
138,1986,18,홍문종,롯데,0.274,103,439,387,,106,20,3,3,,29,39,17,46,0,44,3,3,,
139,1986,19,신경식,OB,0.271,106,427,380,,103,15,5,1,,34,6,8,34,3,27,9,4,,
140,1986,20,정학수,롯데,0.271,99,352,299,,81,11,2,1,,26,5,2,39,1,33,4,5,,
141,1986,21,유지훤,OB,0.27,100,367,330,,89,8,2,2,,37,8,2,17,8,27,6,31,,
142,1986,22,윤동균,OB,0.267,102,392,345,,92,14,4,2,,37,5,5,46,0,36,6,1,,
143,1986,23,김재박,MBC,0.264,102,447,386,,102,18,4,4,,43,38,14,36,7,36,5,12,,
144,1986,24,정구선,청보,0.262,108,443,389,,102,15,1,13,,42,3,1,40,4,41,5,12,,
145,1986,25,우경하,청보,0.262,100,337,309,,81,11,0,5,,18,3,5,20,5,39,4,3,,
146,1986,26,박종훈,OB,0.259,92,372,320,,83,11,2,6,,28,12,8,35,5,20,2,2,,
147,1986,27,이순철,해태,0.257,88,358,319,,82,14,3,14,,40,19,8,28,5,45,11,10,,
148,1986,28,서정환,해태,0.256,108,432,375,,96,12,1,3,,24,43,23,38,7,49,2,21,,
149,1986,29,박흥식,MBC,0.255,98,430,377,,96,14,2,0,,40,8,8,30,10,32,6,5,,
150,1986,30,조성옥,롯데,0.253,105,337,293,,74,7,5,0,,15,2,7,23,0,17,2,4,,
151,1987,1,장효조,삼성,0.387,88,335,284,,110,16,4,2,,58,7,4,41,3,26,1,2,,
152,1987,2,이만수,삼성,0.344,85,357,299,,103,14,1,18,,76,6,2,47,4,23,16,3,,
153,1987,3,이정훈,빙그레,0.335,100,441,370,,124,13,7,4,,34,20,13,35,10,25,1,6,,
154,1987,4,김성래,삼성,0.332,99,385,334,,111,11,1,22,,70,2,5,45,3,38,8,10,,
155,1987,5,김종모,해태,0.331,88,360,332,,110,13,1,9,,41,2,4,22,3,25,14,0,,
156,1987,6,김광림,OB,0.327,102,398,342,,112,9,7,2,,17,13,8,42,2,24,2,3,,
157,1987,7,허규옥,삼성,0.326,94,345,319,,104,17,7,3,,39,25,5,21,2,45,4,8,,
158,1987,8,고원부,빙그레,0.324,104,446,380,,123,14,1,7,,52,14,7,53,2,21,11,3,,
159,1987,9,김형석,OB,0.316,81,337,301,,95,16,5,3,,45,7,5,26,2,38,10,5,,
160,1987,10,김용철,롯데,0.314,103,428,382,,120,32,2,7,,59,11,8,42,3,33,12,1,,
161,1987,11,김성한,해태,0.314,81,342,306,,96,22,0,15,,46,3,1,30,3,29,5,15,,
162,1987,12,유승안,빙그레,0.308,97,360,328,,101,15,1,12,,58,1,6,23,1,36,17,4,,
163,1987,13,한영준,롯데,0.301,92,416,356,,107,15,3,6,,36,14,5,38,6,38,7,7,,
164,1987,14,박흥식,MBC,0.3,101,418,347,,104,8,9,2,,36,15,5,46,8,28,8,2,,
165,1987,15,이광은,MBC,0.298,108,463,410,,122,21,2,14,,74,8,7,35,10,40,14,4,,
166,1987,16,류중일,삼성,0.287,104,401,352,,101,17,2,2,,28,8,4,39,3,34,8,13,,
167,1987,17,홍문종,롯데,0.287,108,466,415,,119,19,4,7,,49,25,9,40,5,26,5,3,,
168,1987,18,김재박,MBC,0.283,100,448,399,,113,23,5,1,,24,33,18,39,5,26,7,21,,
169,1987,19,김상훈,MBC,0.278,108,436,399,,111,17,4,10,,57,4,1,31,3,44,9,4,,
170,1987,20,서정환,해태,0.278,102,383,335,,93,12,3,3,,28,19,11,33,9,16,8,12,,
171,1987,21,김동기,청보,0.277,105,414,350,,97,21,0,9,,48,3,5,51,4,55,7,6,,
172,1987,22,홍승규,삼성,0.276,100,357,322,,89,13,3,7,,26,13,10,28,3,40,2,0,,
173,1987,23,윤동균,OB,0.276,93,334,294,,81,17,1,0,,48,0,1,34,2,33,10,0,,
174,1987,24,김봉연,해태,0.271,98,380,339,,92,11,2,6,,39,1,2,27,4,23,13,0,,
175,1987,25,이종두,삼성,0.27,99,336,304,,82,8,1,10,,38,14,2,22,4,44,11,5,,
176,1987,26,신경식,OB,0.269,102,378,349,,94,8,6,3,,39,5,2,23,3,20,4,7,,
177,1987,27,윤덕규,MBC,0.269,103,389,357,,96,11,4,2,,34,5,6,21,2,26,5,0,,
178,1987,28,이강돈,빙그레,0.268,106,407,369,,99,13,4,3,,42,4,15,24,5,56,6,7,,
179,1987,29,김민호,롯데,0.264,104,397,337,,89,15,2,4,,50,9,2,50,2,36,7,8,,
180,1987,30,정구선,롯데,0.254,99,397,331,,84,14,2,9,,42,4,2,53,4,33,8,6,,
181,1988,1,김상훈,MBC,0.354,87,341,305,,108,15,4,8,,52,2,3,32,4,20,7,4,,
182,1988,2,김성래,삼성,0.35,96,386,314,,110,19,2,10,,54,7,4,58,7,43,6,8,,
183,1988,3,김성한,해태,0.324,104,457,404,,131,12,0,30,,89,16,5,31,11,52,4,12,,
184,1988,4,서정환,해태,0.323,95,336,297,,96,11,1,0,,29,22,8,26,4,27,6,14,,
185,1988,5,김민호,롯데,0.323,101,417,356,,115,17,0,14,,64,6,2,55,2,41,4,9,,
186,1988,6,이만수,삼성,0.323,86,334,285,,92,13,0,18,,58,6,3,41,7,22,8,2,,
187,1988,7,한대화,해태,0.32,101,415,356,,114,18,1,18,,57,6,4,46,5,35,8,6,,
188,1988,8,장효조,삼성,0.314,96,334,283,,89,12,2,4,,35,5,5,49,2,27,2,0,,
189,1988,9,이강돈,빙그레,0.313,103,418,377,,118,26,3,4,,56,8,6,27,0,50,5,5,,
190,1988,10,이순철,해태,0.313,108,477,406,,127,26,2,13,,52,58,20,52,12,37,7,1,,
191,1988,11,김광림,OB,0.312,101,355,311,,97,21,4,2,,28,8,8,30,1,31,3,2,,
192,1988,12,이정훈,빙그레,0.309,96,414,366,,113,20,3,4,,34,18,9,37,4,26,4,1,,
193,1988,13,이선웅,태평양,0.308,99,343,295,,91,12,0,1,,41,5,5,35,1,15,16,13,,
194,1988,14,윤덕규,MBC,0.304,101,405,352,,107,13,5,1,,43,10,5,39,2,36,11,3,,
195,1988,15,김일권,태평양,0.301,89,343,309,,93,11,5,3,,34,26,14,16,3,8,9,1,,
196,1988,16,박흥식,MBC,0.301,80,356,316,,95,12,4,4,,34,14,5,28,5,23,1,3,,
197,1988,17,김종모,해태,0.3,105,393,353,,106,8,2,4,,35,1,1,29,0,17,11,4,,
198,1988,18,김준환,해태,0.293,100,357,314,,92,11,1,11,,48,3,3,28,2,41,14,0,,
199,1988,19,이종두,삼성,0.292,93,348,308,,90,17,3,9,,42,15,3,34,2,40,5,3,,
200,1988,20,김용철,롯데,0.292,102,422,380,,111,21,2,18,,69,15,4,34,4,26,13,1,,
201,1988,21,신경식,OB,0.288,107,408,378,,109,12,3,4,,38,12,2,25,1,18,3,6,,
202,1988,22,김용국,삼성,0.285,101,378,333,,95,11,1,3,,42,8,7,32,3,30,10,15,,
203,1988,23,강정길,빙그레,0.284,98,342,299,,85,16,1,4,,32,7,3,26,10,26,11,6,,
204,1988,24,유두열,롯데,0.281,99,374,331,,93,9,2,7,,38,9,7,31,4,22,8,6,,
205,1988,25,홍문종,롯데,0.279,87,359,319,,89,13,3,4,,25,22,11,36,1,18,4,2,,
206,1988,26,고원부,빙그레,0.277,98,368,321,,89,13,1,9,,50,10,1,29,6,17,14,2,,
207,1988,27,김재박,MBC,0.267,99,447,409,,109,18,1,2,,26,25,12,28,1,23,3,13,,
208,1988,28,장태수,삼성,0.266,92,344,290,,77,7,4,8,,33,25,7,38,6,33,4,2,,
209,1988,29,유승안,빙그레,0.263,103,350,297,,78,14,2,15,,55,3,2,46,0,49,11,5,,
210,1988,30,김광수,OB,0.262,108,467,397,,104,20,1,6,,40,26,4,48,3,33,13,7,,
211,1989,1,고원부,빙그레,0.327,109,395,342,,112,16,2,6,,45,5,8,45,2,32,11,7,,
212,1989,2,강기웅,삼성,0.322,95,385,351,,113,12,4,1,,33,26,6,17,3,34,2,6,,
213,1989,3,박철우,해태,0.318,112,377,340,,108,15,1,13,,59,0,2,27,8,41,12,0,,
214,1989,4,김용철,삼성,0.304,103,382,342,,104,18,0,11,,64,3,5,32,2,38,10,9,,
215,1989,5,장효조,롯데,0.303,94,393,333,,101,8,3,1,,31,12,15,56,3,30,2,2,,
216,1989,6,윤덕규,MBC,0.3,102,372,317,,95,12,5,1,,34,12,10,42,4,44,5,2,,
217,1989,7,박노준,OB,0.297,107,383,327,,97,12,2,0,,26,25,14,30,9,32,3,4,,
218,1989,8,이강돈,빙그레,0.295,120,507,464,,137,24,4,9,,66,12,10,35,0,73,6,7,,
219,1989,9,김민호,롯데,0.291,116,429,357,,104,24,2,4,,49,3,3,66,1,42,5,8,,
220,1989,10,김용국,삼성,0.288,98,373,333,,96,15,1,9,,44,8,2,30,3,28,12,18,,
221,1989,11,노찬엽,MBC,0.287,102,422,352,,101,18,6,1,,56,13,10,53,1,14,14,2,,
222,1989,12,김형석,OB,0.286,117,468,423,,121,22,2,10,,57,5,4,41,1,54,8,2,,
223,1989,13,김재박,MBC,0.286,101,425,357,,102,8,2,3,,27,39,14,53,4,33,6,11,,
224,1989,14,강정길,빙그레,0.284,119,384,341,,97,17,3,4,,48,4,3,31,6,27,10,9,,
225,1989,15,이만수,삼성,0.284,110,413,359,,102,11,0,20,,64,4,5,42,10,48,12,5,,
226,1989,16,허규옥,롯데,0.282,96,372,330,,93,13,4,3,,28,14,4,36,0,58,6,1,,
227,1989,17,유승안,빙그레,0.281,115,429,370,,104,15,0,21,,85,0,4,50,1,71,6,8,,
228,1989,18,김상훈,MBC,0.28,103,421,371,,104,15,2,5,,57,11,5,38,2,19,13,5,,
229,1989,19,김성한,해태,0.28,118,513,414,,116,18,0,26,,84,32,8,84,9,62,7,6,,
230,1989,20,한대화,해태,0.279,106,443,358,,100,14,3,13,,63,15,9,81,0,42,7,13,,
231,1989,21,신경식,OB,0.275,118,479,422,,116,25,6,8,,57,25,8,32,11,36,5,8,,
232,1989,22,조양근,빙그레,0.273,119,374,333,,91,14,2,1,,31,20,6,20,3,35,6,10,,
233,1989,22,이종두,삼성,0.273,110,382,333,,91,16,3,10,,52,26,12,33,5,49,5,4,,
234,1989,24,이광길,태평양,0.27,120,458,370,,100,17,3,0,,38,17,8,62,4,52,8,18,,
235,1989,25,백인호,해태,0.266,103,437,379,,101,17,1,3,,26,11,17,45,5,25,8,21,,
236,1989,26,김일권,태평양,0.261,113,437,383,,100,23,1,1,,28,62,22,36,1,19,8,2,,
237,1989,27,김상호,MBC,0.257,109,425,362,,93,9,4,13,,56,21,10,50,5,87,3,23,,
238,1989,28,한영준,롯데,0.252,120,516,440,,111,23,4,10,,59,15,9,58,5,50,12,14,,
239,1989,29,김동기,태평양,0.251,120,489,399,,100,25,1,11,,59,7,9,77,7,86,8,8,,
240,1989,30,류중일,삼성,0.246,113,380,329,,81,15,3,5,,38,14,3,31,2,56,4,18,,
241,1990,1,한대화,해태,0.335,119,500,418,,140,20,3,15,,86,10,5,76,0,53,10,19,,
242,1990,2,이강돈,빙그레,0.335,117,496,436,,146,20,6,16,,84,12,10,45,6,78,10,11,,
243,1990,3,노찬엽,LG,0.333,105,380,327,,109,11,6,5,,51,8,12,41,2,25,9,0,,
244,1990,4,김상훈,LG,0.322,100,409,360,,116,23,3,6,,58,7,4,36,6,32,14,4,,
245,1990,5,류중일,삼성,0.311,120,503,425,,132,22,5,6,,45,23,8,50,10,55,6,12,,
246,1990,6,박승호,삼성,0.307,110,456,398,,122,17,1,20,,75,3,1,50,3,45,12,0,,
247,1990,7,이호성,해태,0.304,99,372,313,,95,16,6,7,,48,16,10,41,8,49,4,5,,
248,1990,8,백인호,해태,0.297,94,402,337,,100,13,3,8,,34,9,8,53,7,49,7,11,,
249,1990,9,김응국,롯데,0.292,108,433,377,,110,20,4,7,,47,21,13,47,2,41,9,8,,
250,1990,10,이정훈,빙그레,0.291,114,459,402,,117,21,3,7,,52,22,6,45,2,26,5,2,,
251,1990,11,김동수,LG,0.29,110,416,352,,102,20,1,13,,62,15,10,45,10,40,6,4,,
252,1990,12,장종훈,빙그레,0.29,120,496,411,,119,15,3,28,,91,8,7,69,11,85,3,15,,
253,1990,13,이만수,삼성,0.287,110,421,359,,103,13,0,26,,57,3,4,54,5,37,16,6,,
254,1990,14,김상국,빙그레,0.287,116,372,314,,90,9,3,10,,46,11,4,47,4,37,12,10,,
255,1990,15,김종모,해태,0.286,117,442,381,,109,20,1,10,,64,0,2,43,3,45,11,3,,
256,1990,16,이광은,LG,0.286,102,393,336,,96,13,2,8,,44,11,2,43,8,30,8,7,,
257,1990,17,김경기,태평양,0.285,120,476,414,,118,29,1,10,,68,7,5,50,6,37,17,7,,
258,1990,18,박철우,해태,0.284,114,419,363,,103,21,1,10,,45,0,1,45,8,46,12,2,,
259,1990,19,김성한,해태,0.281,89,385,331,,93,17,2,11,,49,14,4,39,6,53,4,6,,
260,1990,20,강석천,빙그레,0.281,113,429,356,,100,24,1,12,,49,16,6,47,4,72,3,17,,
261,1990,21,김형석,OB,0.28,120,483,429,,120,18,3,12,,61,5,5,43,1,54,9,3,,
262,1990,22,윤덕규,LG,0.279,116,426,369,,103,16,8,6,,44,6,5,49,3,28,4,3,,
263,1990,23,김상호,OB,0.275,114,466,400,,110,18,1,14,,52,12,6,54,7,68,9,6,,
264,1990,24,강기웅,삼성,0.271,108,438,391,,106,16,3,15,,58,24,8,33,3,34,12,5,,
265,1990,25,김광수,OB,0.266,112,444,380,,101,11,1,4,,30,14,12,48,2,30,7,7,,
266,1990,26,최계영,롯데,0.263,99,383,323,,85,12,7,1,,21,12,7,40,3,29,4,3,,
267,1990,27,윤재호,해태,0.26,114,380,323,,84,12,2,2,,33,13,6,31,4,40,10,25,,
268,1990,28,이선웅,태평양,0.26,120,474,423,,110,14,0,1,,47,4,4,36,7,47,16,9,,
269,1990,29,신경식,OB,0.255,117,428,385,,98,21,2,5,,42,14,7,33,3,30,6,7,,
270,1990,30,김일권,태평양,0.253,98,376,336,,85,9,1,0,,27,48,20,32,1,21,7,4,,
271,1991,1,이정훈,빙그레,0.348,111,433,379,,132,21,12,17,,55,18,6,43,4,33,6,2,,
272,1991,2,장효조,롯데,0.347,122,424,346,,120,17,10,4,,54,12,7,70,0,31,4,0,,
273,1991,3,장종훈,빙그레,0.345,126,558,464,,160,24,4,35,,114,21,11,76,15,88,12,3,,
274,1991,4,조용호,쌍방울,0.318,112,406,343,,109,13,3,3,,32,11,16,40,13,49,3,1,,
275,1991,5,이만수,삼성,0.317,119,446,378,,120,18,0,17,,74,6,2,56,8,27,7,5,,
276,1991,6,노찬엽,LG,0.317,115,476,417,,132,22,8,3,,58,12,11,48,4,28,4,0,,
277,1991,7,신경식,삼성,0.309,126,527,460,,142,15,3,7,,56,20,15,49,7,34,13,3,,
278,1991,8,윤덕규,LG,0.308,105,437,383,,118,18,7,1,,45,3,12,48,1,36,6,5,,
279,1991,9,김광림,OB,0.307,108,413,361,,111,19,6,3,,36,20,6,37,1,46,3,1,,
280,1991,10,김민호,롯데,0.303,111,419,363,,110,23,5,20,,68,1,1,51,1,39,7,5,,
281,1991,11,한대화,해태,0.301,92,398,336,,101,17,3,22,,73,8,8,53,2,45,10,16,,
282,1991,12,김응국,롯데,0.3,121,504,436,,131,17,9,9,,50,25,9,61,3,47,5,4,,
283,1991,13,김용국,삼성,0.295,126,468,403,,119,21,1,7,,58,4,10,54,2,49,8,20,,
284,1991,14,김성한,해태,0.294,112,482,411,,121,25,5,23,,83,16,9,51,15,70,7,8,,
285,1991,15,박노준,OB,0.293,120,470,430,,126,17,4,5,,39,18,12,28,6,40,1,1,,
286,1991,16,김경기,태평양,0.291,109,431,392,,114,25,4,8,,59,5,6,30,3,39,7,7,,
287,1991,17,이호성,해태,0.288,121,520,434,,125,12,7,21,,84,25,7,67,12,65,6,3,,
288,1991,18,김형석,OB,0.288,126,531,473,,136,19,9,11,,71,3,4,50,2,49,11,7,,
289,1991,19,원원근,태평양,0.286,115,431,367,,105,27,1,3,,38,9,7,52,1,36,6,18,,
290,1991,20,박정태,롯데,0.285,122,528,463,,132,29,6,14,,75,3,5,43,5,36,17,12,,
291,1991,21,류중일,삼성,0.285,90,393,344,,98,14,4,5,,45,19,7,34,4,54,10,15,,
292,1991,22,박철우,해태,0.282,125,483,422,,119,24,2,14,,80,0,1,50,10,55,7,0,,
293,1991,23,윤혁,쌍방울,0.279,116,413,358,,100,21,2,1,,29,7,3,41,5,41,10,4,,
294,1991,24,이순철,해태,0.276,115,513,434,,120,21,3,17,,50,56,18,55,14,67,3,4,,
295,1991,25,강석천,빙그레,0.275,126,523,465,,128,21,4,11,,56,17,10,40,9,53,11,25,,
296,1991,26,이강돈,빙그레,0.265,114,437,385,,102,15,5,11,,56,7,3,41,1,70,4,5,,
297,1991,27,전준호,롯데,0.263,122,451,372,,98,13,6,2,,48,18,12,51,9,38,1,2,,
298,1991,28,김기태,쌍방울,0.262,124,508,427,,112,16,0,27,,92,7,4,72,4,93,9,1,,
299,1991,29,김상훈,LG,0.255,101,396,361,,92,17,2,7,,41,2,1,28,5,34,17,4,,
300,1991,30,장채근,해태,0.235,114,401,345,,81,11,0,17,,48,0,2,44,2,59,16,2,,
301,1992,1,이정훈,빙그레,0.36,111,437,369,,133,17,2,25,,68,21,3,46,10,27,6,2,,
302,1992,2,박정태,롯데,0.335,124,529,445,,149,43,3,14,,79,7,7,69,5,42,12,7,,
303,1992,3,홍현우,해태,0.333,126,520,420,,140,25,3,17,,97,6,7,82,7,82,8,14,,
304,1992,4,김민호,롯데,0.322,118,495,413,,133,28,4,16,,88,5,3,68,6,76,10,7,,
305,1992,5,이강돈,빙그레,0.32,121,454,403,,129,27,8,13,,60,7,9,41,1,63,6,10,,
306,1992,6,김응국,롯데,0.319,119,486,401,,128,20,12,10,,79,29,8,58,5,50,6,3,,
307,1992,7,동봉철,삼성,0.317,126,511,410,,130,18,7,11,,52,24,17,72,13,63,5,3,,
308,1992,8,이종운,롯데,0.314,108,444,401,,126,15,14,3,,57,21,8,23,3,47,7,1,,
309,1992,9,이순철,해태,0.309,122,566,492,,152,22,3,21,,76,44,16,60,7,63,14,7,,
310,1992,10,송구홍,LG,0.304,121,493,451,,137,23,2,20,,59,20,4,24,7,33,13,23,,
311,1992,11,강기웅,삼성,0.304,126,455,405,,123,18,3,16,,56,13,4,29,7,35,8,12,,
312,1992,12,김기태,쌍방울,0.302,123,525,398,,120,28,3,31,,96,5,7,114,8,84,11,0,,
313,1992,13,전준호,롯데,0.3,120,537,466,,140,17,9,5,,49,33,6,51,7,49,4,6,,
314,1992,14,윤덕규,태평양,0.3,116,437,390,,117,24,3,8,,52,6,4,40,2,67,11,5,,
315,1992,14,김상호,OB,0.3,102,416,370,,111,26,4,12,,49,16,7,42,4,52,4,6,,
316,1992,16,장종훈,빙그레,0.299,125,556,431,,129,28,2,41,,119,14,5,106,13,99,5,3,,
317,1992,17,김동기,태평양,0.294,107,391,333,,98,15,2,15,,58,2,1,46,7,59,13,8,,
318,1992,18,김상훈,LG,0.292,126,529,472,,138,21,1,14,,77,9,2,46,2,60,13,5,,
319,1992,19,임형석,OB,0.29,112,460,410,,119,18,4,26,,73,3,8,38,3,62,9,16,,
320,1992,20,여태구,태평양,0.29,114,417,345,,100,19,3,9,,44,13,5,49,3,46,2,3,,
321,1992,21,김광림,OB,0.286,120,428,384,,110,16,3,1,,32,13,6,30,3,38,2,3,,
322,1992,22,김형석,OB,0.281,126,518,459,,129,27,5,16,,71,3,5,53,2,55,15,7,,
323,1992,23,이호성,해태,0.278,110,451,374,,104,16,3,14,,52,25,1,70,3,75,13,3,,
324,1992,24,노찬엽,LG,0.272,109,465,405,,110,21,2,6,,50,6,5,50,3,51,11,2,,
325,1992,25,박철우,해태,0.271,116,409,362,,98,21,0,9,,67,1,0,39,4,44,14,3,,
326,1992,26,이건열,해태,0.27,111,399,352,,95,12,0,4,,42,11,5,33,6,63,9,2,,
327,1992,27,한대화,해태,0.268,110,436,362,,97,16,1,20,,74,8,8,66,1,53,10,13,,
328,1992,28,신경식,삼성,0.267,117,469,423,,113,15,2,3,,41,17,9,37,3,33,8,2,,
329,1992,29,장채근,해태,0.264,112,396,326,,86,14,0,23,,62,1,0,60,6,67,11,6,,
330,1992,30,강정길,빙그레,0.263,119,428,357,,94,15,1,14,,63,0,5,58,5,47,13,1,,
331,1993,1,양준혁,삼성,0.341,106,456,381,,130,27,1,23,,90,4,9,61,8,40,7,8,,
332,1993,2,강기웅,삼성,0.325,102,420,379,,123,15,2,16,,75,20,9,26,2,24,8,6,,
333,1993,3,송구홍,LG,0.307,105,433,387,,119,21,2,4,,49,19,6,32,8,30,12,22,,
334,1993,4,김형석,OB,0.306,126,529,480,,147,23,4,10,,62,2,4,46,0,61,12,11,,
335,1993,5,김성래,삼성,0.3,124,521,436,,131,18,2,28,,91,2,1,69,5,72,17,5,,
336,1993,6,김광림,OB,0.3,117,492,430,,129,18,3,3,,32,13,8,40,2,34,3,2,,
337,1993,6,윤덕규,태평양,0.3,102,396,360,,108,14,4,1,,31,9,3,30,2,54,12,3,,
338,1993,8,장종훈,빙그레,0.295,97,412,339,,100,21,0,17,,58,12,2,58,9,68,4,4,,
339,1993,9,김상훈,LG,0.285,126,505,460,,131,28,0,12,,71,3,1,37,6,52,12,10,,
340,1993,10,김응국,롯데,0.285,108,420,369,,105,26,3,3,,48,12,8,37,3,44,7,3,,
341,1993,11,이명수,OB,0.283,119,494,417,,118,20,8,4,,56,6,3,54,3,43,9,11,,
342,1993,12,김종헌,롯데,0.283,118,415,357,,101,18,3,0,,25,24,9,36,8,65,7,1,,
343,1993,13,전준호,롯데,0.282,120,465,393,,111,3,7,1,,31,75,25,47,5,31,2,2,,
344,1993,14,류중일,삼성,0.281,107,444,377,,106,13,1,8,,45,6,4,57,3,44,9,8,,
345,1993,15,이종범,해태,0.28,126,525,475,,133,16,4,16,,53,73,19,32,6,35,11,25,,
346,1993,16,신경식,쌍방울,0.275,119,461,418,,115,18,2,5,,49,12,7,33,6,32,8,5,,
347,1993,17,김동수,LG,0.274,115,427,372,,102,16,3,16,,56,7,0,41,6,40,11,4,,
348,1993,18,김성한,해태,0.273,107,403,362,,99,23,0,6,,52,4,2,27,6,59,12,5,,
349,1993,19,박준태,LG,0.267,124,478,401,,107,29,5,8,,39,28,13,53,4,69,7,4,,
350,1993,20,한대화,해태,0.266,107,394,335,,89,13,1,13,,46,4,5,50,3,46,10,21,,
351,1993,21,김상호,OB,0.264,122,495,440,,116,17,1,11,,56,19,8,38,9,63,11,2,,
352,1993,22,박계원,롯데,0.263,126,461,410,,108,15,2,3,,43,17,10,28,7,53,6,15,,
353,1993,23,최태원,쌍방울,0.263,111,431,377,,99,12,2,1,,23,13,7,36,10,48,4,14,,
354,1993,24,홍현우,해태,0.262,123,527,446,,117,21,1,13,,61,10,4,64,4,70,12,19,,
355,1993,25,정영규,삼성,0.257,122,425,381,,98,12,2,11,,41,3,6,28,12,61,8,4,,
356,1993,26,이순철,해태,0.253,102,430,367,,93,12,3,11,,44,29,8,46,5,54,9,3,,
357,1993,27,이종운,롯데,0.253,123,440,392,,99,9,7,2,,42,16,7,29,5,51,6,1,,
358,1993,28,이종두,삼성,0.249,106,413,354,,88,18,2,14,,51,4,4,43,6,59,9,2,,
359,1993,29,공필성,롯데,0.24,124,428,379,,91,23,3,1,,38,6,3,27,6,64,7,15,,
360,1993,30,김기태,쌍방울,0.24,96,395,317,,76,17,2,9,,43,11,5,73,1,57,7,0,,
361,1994,1,이종범,해태,0.393,124,561,499,,196,27,5,19,,77,84,15,51,6,31,2,27,,
362,1994,2,김응국,롯데,0.323,100,407,350,,113,24,4,8,,55,20,11,45,3,45,7,3,,
363,1994,3,윤덕규,태평양,0.321,100,407,368,,118,27,3,11,,51,8,1,34,2,57,9,1,,
364,1994,4,서용빈,LG,0.318,126,543,493,,157,30,4,4,,72,6,2,39,5,62,9,4,,
365,1994,5,김기태,쌍방울,0.316,108,454,376,,119,20,4,25,,79,9,10,74,2,70,10,0,,
366,1994,6,유지현,LG,0.305,126,574,482,,147,20,0,15,,51,51,10,64,8,60,4,24,,
367,1994,7,박노준,쌍방울,0.303,108,391,340,,103,15,1,3,,36,42,15,32,7,25,2,3,,
368,1994,8,양준혁,삼성,0.3,123,496,427,,128,21,1,19,,87,15,4,63,0,42,7,2,,
369,1994,9,한대화,LG,0.297,106,414,357,,106,15,1,10,,67,3,1,48,5,48,11,8,,
370,1994,10,김민호,롯데,0.296,117,493,439,,130,34,2,15,,78,21,3,44,3,84,10,2,,
371,1994,11,김재현,LG,0.289,125,535,463,,134,26,3,21,,80,21,4,55,12,86,7,5,,
372,1994,12,김종석,OB,0.282,104,411,369,,104,24,2,5,,64,6,3,30,4,33,11,2,,
373,1994,13,백인호,쌍방울,0.281,108,398,356,,100,17,0,7,,49,3,0,27,4,30,9,11,,
374,1994,14,노찬엽,LG,0.279,107,393,340,,95,13,6,10,,59,7,5,41,4,24,12,0,,
375,1994,15,김경기,태평양,0.277,124,498,433,,120,19,3,23,,70,3,2,56,7,68,9,7,,
376,1994,16,김민호,OB,0.275,126,491,426,,117,13,0,8,,34,17,7,33,10,64,6,25,,
377,1994,17,김실,삼성,0.273,115,393,337,,92,11,5,3,,33,4,8,45,2,43,7,8,,
378,1994,18,이종운,롯데,0.272,121,477,448,,122,13,5,2,,32,21,8,15,4,47,5,3,,
379,1994,19,홍현우,해태,0.272,126,524,463,,126,20,2,16,,72,15,7,50,4,63,6,21,,
380,1994,20,공필성,롯데,0.271,126,488,420,,114,23,5,12,,57,25,10,45,13,71,8,19,,
381,1994,21,이종두,삼성,0.271,126,472,417,,113,15,1,17,,52,12,7,37,5,69,14,6,,
382,1994,22,이호성,해태,0.265,105,440,374,,99,10,2,9,,49,21,7,52,5,63,6,5,,
383,1994,23,김동기,태평양,0.264,119,421,368,,97,16,0,15,,50,3,6,38,12,74,15,3,,
384,1994,24,김형석,OB,0.262,114,444,393,,103,13,0,6,,51,3,1,40,4,56,13,5,,
385,1994,25,박종호,LG,0.26,107,400,335,,87,14,6,6,,56,21,10,45,13,44,8,14,,
386,1994,26,강정길,한화,0.258,121,429,364,,94,16,1,6,,50,5,2,45,10,42,9,7,,
387,1994,27,김상국,한화,0.256,115,400,336,,86,13,0,7,,48,4,2,44,5,43,14,5,,
388,1994,28,이건열,해태,0.25,106,400,352,,88,14,1,7,,39,5,7,30,4,51,7,3,,
389,1994,29,김상호,OB,0.249,113,471,410,,102,11,5,9,,49,6,7,47,7,73,3,7,,
390,1994,30,최태원,쌍방울,0.248,118,446,383,,95,13,2,1,,27,31,12,40,13,46,5,5,,
391,1995,1,김광림,쌍방울,0.337,119,489,419,,141,17,1,7,,49,16,10,48,5,37,8,1,,
392,1995,2,장종훈,한화,0.326,126,498,420,,137,25,4,22,,78,8,9,68,6,63,10,6,,
393,1995,3,김기태,쌍방울,0.321,116,482,402,,129,34,3,12,,72,12,10,72,1,44,8,4,,
394,1995,4,양준혁,삼성,0.313,125,527,438,,137,34,1,20,,84,8,2,77,6,50,7,2,,
395,1995,5,전준호,롯데,0.308,124,540,458,,141,13,12,1,,42,69,25,62,6,54,5,1,,
396,1995,6,권준헌,태평양,0.306,110,419,395,,121,16,3,6,,34,14,6,17,1,63,9,12,,
397,1995,7,서용빈,LG,0.306,126,491,441,,135,28,2,4,,53,6,2,34,8,55,12,9,,
398,1995,8,홍현우,해태,0.305,125,531,465,,142,24,1,16,,65,34,5,58,4,65,1,15,,
399,1995,9,김응국,롯데,0.299,104,435,364,,109,14,4,8,,61,31,5,57,5,45,7,4,,
400,1995,10,김종석,OB,0.299,116,433,395,,118,26,8,4,,56,5,2,33,2,41,12,6,,
401,1995,11,최태원,쌍방울,0.296,125,548,496,,147,20,1,1,,30,29,14,29,8,37,3,12,,
402,1995,12,김경기,태평양,0.295,96,398,356,,105,19,1,12,,46,4,1,38,4,51,5,4,,
403,1995,13,이명수,OB,0.29,111,431,383,,111,11,1,9,,32,1,4,37,4,55,9,8,,
404,1995,14,이동수,삼성,0.288,125,478,420,,121,17,3,22,,81,2,0,34,20,96,11,20,,
405,1995,15,김민호,OB,0.288,113,455,400,,115,24,3,2,,30,47,17,37,5,58,3,14,,
406,1995,16,정영규,한화,0.287,116,446,397,,114,22,5,11,,45,3,12,42,2,81,5,3,,
407,1995,17,이승엽,삼성,0.285,121,411,365,,104,29,1,13,,73,0,3,33,4,54,4,8,,
408,1995,18,심정수,OB,0.282,116,405,362,,102,19,0,21,,59,4,2,29,8,78,6,2,,
409,1995,19,마해영,롯데,0.275,126,551,476,,131,26,4,18,,87,16,6,54,13,82,13,7,,
410,1995,20,김상호,OB,0.272,126,565,504,,137,23,2,25,,101,10,7,45,6,113,6,8,,
411,1995,21,김형석,OB,0.27,121,464,423,,114,29,2,10,,68,2,1,32,1,71,16,2,,
412,1995,22,공필성,롯데,0.264,126,476,390,,103,14,6,4,,50,22,5,52,22,68,5,13,,
413,1995,23,양회열,해태,0.264,117,405,356,,94,9,1,0,,22,0,5,24,4,72,4,25,,
414,1995,24,김용선,한화,0.262,124,432,370,,97,18,2,10,,38,12,10,37,5,85,9,7,,
415,1995,25,김동수,LG,0.26,108,393,334,,87,15,2,10,,35,4,0,40,4,45,8,2,,
416,1995,26,장원진,OB,0.26,123,439,393,,102,15,2,9,,58,8,6,32,5,53,4,3,,
417,1995,27,김재현,LG,0.255,116,448,381,,97,19,3,15,,56,13,10,45,13,83,6,2,,
418,1995,28,백인호,쌍방울,0.244,106,394,352,,86,13,2,7,,40,3,0,31,3,54,11,11,,
419,1995,29,강영수,태평양,0.243,122,484,415,,101,17,1,21,,68,3,1,60,2,105,12,4,,
420,1995,30,박경완,쌍방울,0.227,121,429,361,,82,13,2,19,,46,5,2,56,8,100,5,8,,
421,1996,1,양준혁,삼성,0.346,126,530,436,,151,33,2,28,,87,23,18,82,6,76,4,2,,
422,1996,2,이종범,해태,0.332,113,525,449,,149,28,1,25,,76,57,12,67,7,39,4,10,,
423,1996,3,홍현우,해태,0.332,126,549,443,,147,30,4,17,,67,18,9,97,4,64,8,16,,
424,1996,4,김응국,롯데,0.321,126,518,446,,143,22,6,9,,64,26,7,65,2,61,11,2,,
425,1996,5,임수혁,롯데,0.311,113,431,373,,116,18,2,11,,76,4,5,46,3,46,11,2,,
426,1996,6,박정태,롯데,0.309,94,405,366,,113,25,1,5,,61,2,0,32,3,39,11,9,,
427,1996,7,김광림,쌍방울,0.303,126,509,449,,136,19,6,2,,49,15,4,45,3,63,8,2,,
428,1996,8,이승엽,삼성,0.303,122,504,459,,139,32,6,9,,76,4,1,34,5,42,10,5,,
429,1996,9,박재홍,현대,0.295,126,547,481,,142,29,4,30,,108,36,17,53,7,107,7,2,,
430,1996,10,김실,쌍방울,0.291,124,487,419,,122,19,6,0,,38,6,8,46,2,49,4,7,,
431,1996,11,박현승,롯데,0.288,108,410,354,,102,22,3,8,,51,10,6,40,5,55,13,13,,
432,1996,12,송지만,한화,0.287,122,460,394,,113,30,4,18,,53,10,16,43,9,81,5,8,,
433,1996,13,강석천,한화,0.286,113,404,357,,102,15,2,4,,49,18,10,30,6,53,12,8,,
434,1996,14,심재학,LG,0.285,118,471,389,,111,15,1,18,,72,1,4,64,11,58,7,7,,
435,1996,15,김재현,LG,0.283,117,482,414,,117,20,0,11,,60,7,7,49,11,52,7,4,,
436,1996,16,박진만,현대,0.283,115,406,361,,102,21,2,6,,38,11,7,20,7,55,5,22,,
437,1996,17,이명수,OB,0.281,103,392,342,,96,13,0,4,,24,0,6,43,1,55,12,7,,
438,1996,18,이숭용,현대,0.28,124,442,371,,104,18,4,12,,47,5,6,60,7,51,4,1,,
439,1996,19,마해영,롯데,0.276,120,467,428,,118,26,3,12,,64,4,2,30,3,81,11,2,,
440,1996,20,심성보,쌍방울,0.275,116,391,335,,92,26,4,5,,51,8,2,40,2,55,6,3,,
441,1996,21,김경기,현대,0.274,115,472,412,,113,16,1,20,,64,6,4,50,7,82,6,8,,
442,1996,22,이영우,한화,0.269,114,417,353,,95,21,3,8,,39,12,9,49,2,63,9,2,,
443,1996,23,김상호,OB,0.269,117,487,439,,118,27,0,20,,75,5,5,31,8,101,5,5,,
444,1996,24,홍원기,한화,0.262,123,450,382,,100,20,0,9,,47,5,4,42,11,75,12,18,,
445,1996,25,송구홍,LG,0.261,109,414,349,,91,18,1,7,,38,17,6,25,22,49,11,13,,
446,1996,26,최태원,쌍방울,0.258,126,523,449,,116,22,3,1,,40,5,6,32,13,53,6,10,,
447,1996,27,이호성,해태,0.258,105,399,357,,92,10,0,9,,63,16,5,28,1,66,11,5,,
448,1996,28,정수근,OB,0.253,126,551,490,,124,20,6,1,,26,43,25,42,6,54,9,8,,
449,1996,29,안경현,OB,0.251,125,475,426,,107,19,2,8,,42,0,1,39,3,65,11,12,,
450,1996,30,유지현,LG,0.249,100,466,385,,96,15,3,4,,26,24,7,59,11,61,2,20,,
451,1997,1,김기태,쌍방울,0.344,111,478,390,,134,30,3,26,,79,10,7,84,2,54,11,4,,
452,1997,2,이승엽,삼성,0.329,126,577,517,,170,37,3,32,,114,5,2,49,6,79,10,4,,
453,1997,3,양준혁,삼성,0.328,126,561,442,,145,32,5,30,,98,25,17,103,7,75,7,2,,
454,1997,4,박재홍,현대,0.326,96,403,331,,108,16,0,27,,69,22,14,66,4,59,5,2,,
455,1997,5,신동주,삼성,0.326,120,452,399,,130,37,1,21,,66,18,12,34,14,79,3,2,,
456,1997,6,이종범,해태,0.324,125,577,484,,157,28,3,30,,74,64,15,87,3,49,9,27,,
457,1997,7,강석천,한화,0.322,123,506,447,,144,19,4,7,,34,17,9,37,7,40,9,2,,
458,1997,8,조원우,쌍방울,0.321,126,489,424,,136,18,9,5,,49,15,7,24,2,48,13,2,,
459,1997,9,서용빈,LG,0.316,120,459,399,,126,25,6,4,,69,4,6,38,7,45,5,4,,
460,1997,10,김상호,OB,0.315,96,393,343,,108,24,3,11,,52,4,2,42,4,71,7,3,,
461,1997,11,이숭용,현대,0.311,121,420,341,,106,28,3,9,,61,3,4,62,6,39,4,1,,
462,1997,12,최태원,쌍방울,0.306,126,558,477,,146,30,1,2,,39,3,9,51,6,49,4,9,,
463,1997,13,이병규,LG,0.305,126,550,495,,151,31,8,7,,69,23,5,43,8,50,6,2,,
464,1997,14,박현승,롯데,0.301,112,430,379,,114,19,4,19,,63,12,1,36,6,66,10,9,,
465,1997,15,최익성,삼성,0.296,122,568,480,,142,25,2,22,,65,33,5,61,18,81,6,2,,
466,1997,16,장종훈,한화,0.293,121,499,427,,125,27,1,22,,76,15,8,63,4,76,9,8,,
467,1997,17,김광림,현대,0.292,117,396,346,,101,14,5,2,,32,9,9,39,1,44,3,2,,
468,1997,18,김한수,삼성,0.292,124,524,466,,136,27,1,9,,68,9,9,36,7,79,6,17,,
469,1997,19,최훈재,해태,0.292,112,394,343,,100,23,1,12,,70,3,7,34,5,40,10,2,,
470,1997,20,심재학,LG,0.285,117,478,411,,117,23,1,15,,84,5,2,54,2,51,8,6,,
471,1997,21,신국환,LG,0.281,120,455,405,,114,25,3,8,,58,9,4,23,14,53,18,18,,
472,1997,22,이호성,해태,0.276,110,443,380,,105,13,0,15,,63,20,5,54,4,74,10,1,,
473,1997,23,정경배,삼성,0.274,123,486,420,,115,25,3,13,,72,13,9,36,6,84,5,12,,
474,1997,24,김대익,롯데,0.272,122,412,356,,97,22,3,6,,35,13,14,40,2,73,2,2,,
475,1997,25,홍현우,해태,0.271,126,534,436,,118,29,0,22,,79,20,9,86,7,80,19,18,,
476,1997,26,유지현,LG,0.269,125,569,479,,129,24,2,3,,45,44,11,61,13,62,11,14,,
477,1997,27,심성보,쌍방울,0.269,118,435,390,,105,23,3,15,,73,5,6,30,6,65,12,9,,
478,1997,28,김실,쌍방울,0.267,118,418,359,,96,17,5,0,,38,4,5,33,1,29,7,6,,
479,1997,29,송지만,한화,0.266,117,474,414,,110,26,1,14,,45,12,10,35,7,91,8,3,,
480,1997,30,정수근,OB,0.263,103,443,377,,99,9,2,2,,34,50,15,46,7,49,5,3,,
481,1998,1,양준혁,삼성,0.342,126,552,456,,156,30,1,27,,89,15,14,87,5,69,14,3,,
482,1998,2,전준호,현대,0.321,126,518,446,,143,16,7,5,,43,35,17,49,10,58,2,2,,
483,1998,3,박정태,롯데,0.318,113,473,406,,129,24,2,13,,79,1,3,52,4,47,5,11,,
484,1998,4,쿨바,현대,0.317,115,471,410,,130,27,1,26,,97,2,3,51,5,102,5,8,,
485,1998,5,장성호,해태,0.312,125,529,465,,145,23,1,15,,49,5,0,44,9,53,12,8,,
486,1998,6,조원우,쌍방울,0.311,126,536,479,,149,20,4,12,,62,23,6,35,7,46,15,3,,
487,1998,7,김기태,쌍방울,0.309,126,541,434,,134,28,4,31,,90,10,5,104,0,79,11,8,,
488,1998,8,이승엽,삼성,0.306,126,568,477,,146,32,2,38,,102,0,2,78,5,97,4,3,,
489,1998,9,우즈,OB,0.305,126,521,452,,138,14,1,42,,103,1,2,65,2,115,13,5,,
490,1998,10,이호준,해태,0.303,121,465,422,,128,27,1,19,,77,5,2,27,6,71,13,2,,
491,1998,11,김한수,삼성,0.3,126,503,463,,139,24,1,15,,80,5,3,19,6,70,19,14,,
492,1998,12,강동우,삼성,0.3,123,468,414,,124,23,8,10,,30,22,7,42,1,68,5,1,,
493,1998,13,김재현,LG,0.295,122,541,482,,142,31,3,16,,76,8,6,47,7,80,6,2,,
494,1998,14,심정수,OB,0.294,126,518,477,,140,29,4,19,,73,4,1,34,5,82,5,4,,
495,1998,15,마해영,롯데,0.292,126,534,465,,136,33,1,15,,64,2,3,51,12,97,7,9,,
496,1998,16,김대익,롯데,0.292,124,527,466,,136,29,7,5,,40,27,9,48,4,65,6,6,,
497,1998,17,최태원,쌍방울,0.288,126,537,469,,135,22,3,4,,39,9,5,42,4,42,9,7,,
498,1998,18,정수근,OB,0.288,125,549,480,,138,19,11,1,,36,44,13,51,6,44,7,5,,
499,1998,19,김동수,LG,0.284,118,471,408,,116,28,2,20,,66,2,3,44,9,71,8,12,,
500,1998,20,김선진,LG,0.282,115,408,369,,104,20,3,8,,46,13,5,26,3,59,19,8,,
501,1998,21,치멜리스,한화,0.279,118,455,409,,114,22,0,17,,63,1,3,29,5,58,7,14,,
502,1998,22,이병규,LG,0.279,124,544,499,,139,31,5,9,,67,11,6,36,3,47,13,1,,
503,1998,23,이숭용,현대,0.278,107,412,363,,101,26,1,10,,45,6,9,31,12,72,5,1,,
504,1998,24,유지현,LG,0.277,126,564,476,,132,36,1,12,,61,40,7,71,6,78,3,20,,
505,1998,25,강석천,한화,0.276,125,510,471,,130,23,5,6,,42,20,7,16,12,51,12,5,,
506,1998,26,장종훈,한화,0.275,118,489,437,,120,17,1,17,,66,3,5,41,7,69,13,8,,
507,1998,27,김경기,현대,0.274,126,493,431,,118,25,0,18,,59,5,6,43,12,79,11,26,,
508,1998,28,홍현우,해태,0.269,126,533,442,,119,24,1,15,,62,13,9,79,3,74,9,20,,
509,1998,29,심성보,쌍방울,0.269,126,521,469,,126,24,5,24,,86,9,5,38,4,110,12,3,,
510,1998,30,송지만,한화,0.269,126,508,432,,116,20,0,16,,49,25,8,45,19,99,6,5,,
511,1999,1,마해영,롯데,0.372,132,579,503,,187,38,4,35,,119,6,9,59,10,65,11,6,,
512,1999,2,이병규,LG,0.349,131,599,550,,192,43,8,30,,99,31,3,34,9,65,11,2,,
513,1999,3,장성호,해태,0.342,129,559,485,,166,32,1,24,,62,5,3,61,8,71,9,4,,
514,1999,4,김한수,삼성,0.34,128,551,497,,169,36,1,18,,88,7,6,33,13,73,12,12,,
515,1999,5,심정수,두산,0.335,132,544,480,,161,35,1,31,,110,1,4,53,8,77,17,3,,
516,1999,6,이영우,한화,0.334,128,482,425,,142,33,4,13,,49,16,7,40,9,69,6,3,,
517,1999,7,박정태,롯데,0.329,127,540,456,,150,17,3,11,,83,0,3,63,6,60,17,10,,
518,1999,8,데이비스,한화,0.328,130,578,525,,172,31,3,30,,106,35,18,41,5,93,14,2,,
519,1999,9,호세,롯데,0.327,132,553,462,,151,29,3,36,,122,12,3,79,5,119,8,6,,
520,1999,10,정수근,두산,0.325,129,589,505,,164,28,8,2,,55,57,13,70,4,56,12,7,,
521,1999,11,이승엽,삼성,0.323,132,614,486,,157,33,2,54,,123,10,2,112,12,114,7,6,,
522,1999,12,양준혁,해태,0.323,131,588,496,,160,23,1,32,,105,21,12,82,5,68,14,1,,
523,1999,13,김동주,두산,0.321,114,455,399,,128,25,3,22,,84,2,1,41,10,53,9,7,,
524,1999,14,장원진,두산,0.317,121,480,426,,135,15,2,2,,58,3,2,39,4,44,9,5,,
525,1999,15,정경배,삼성,0.312,105,453,398,,124,15,0,18,,53,16,8,24,24,80,7,9,,
526,1999,16,송지만,한화,0.311,132,515,476,,148,24,11,22,,74,20,18,28,4,88,7,4,,
527,1999,17,유지현,LG,0.303,93,422,356,,108,19,5,11,,45,14,10,50,5,42,5,9,,
528,1999,18,강석천,한화,0.303,130,496,433,,131,22,2,5,,42,24,10,33,16,56,16,22,,
529,1999,19,박종호,현대,0.301,119,473,396,,119,29,4,10,,55,13,3,28,31,53,4,18,,
530,1999,20,홍현우,해태,0.3,129,561,487,,146,26,0,34,,111,31,6,64,3,104,10,15,,
531,1999,21,우즈,두산,0.297,124,544,454,,135,20,0,34,,101,5,2,83,3,126,14,11,,
532,1999,22,박재홍,현대,0.295,129,572,482,,142,27,1,24,,98,17,13,79,6,85,10,2,,
533,1999,23,김응국,롯데,0.293,125,555,481,,141,27,7,8,,60,12,13,62,1,81,6,0,,
534,1999,24,김기태,삼성,0.293,130,560,468,,137,33,2,28,,88,5,4,82,6,95,9,6,,
535,1999,25,정성훈,해태,0.292,108,416,366,,107,19,1,7,,39,5,6,26,8,51,8,14,,
536,1999,26,로마이어,한화,0.292,132,572,487,,142,30,3,45,,109,6,2,74,6,100,8,12,,
537,1999,27,전준호,현대,0.291,129,562,470,,137,7,2,4,,43,38,12,67,4,72,1,2,,
538,1999,28,이종열,LG,0.291,128,544,468,,136,23,7,9,,55,18,1,53,13,83,10,21,,
539,1999,29,피어슨,현대,0.289,129,561,502,,145,12,0,31,,108,0,1,47,5,85,9,0,,
540,1999,30,김재현,LG,0.287,121,520,453,,130,17,1,21,,94,8,4,54,9,58,14,1,,
541,2000,1,박종호,현대,0.34,121,541,441,,150,30,3,10,,58,9,5,61,12,47,4,16,,
542,2000,2,김동주,두산,0.339,127,539,469,,159,29,1,31,,106,5,2,51,13,65,17,17,,
543,2000,3,브리또,SK,0.338,103,452,405,,137,26,4,15,,70,3,2,31,11,55,8,12,,
544,2000,4,송지만,한화,0.338,120,530,468,,158,33,2,32,,90,20,7,52,7,72,10,5,,
545,2000,5,데이비스,한화,0.334,107,458,419,,140,29,1,22,,80,21,7,25,2,92,15,8,,
546,2000,6,프랑코,삼성,0.327,132,549,477,,156,19,1,22,,110,12,5,63,2,86,11,7,,
547,2000,7,장성호,해태,0.324,115,546,450,,146,30,1,14,,48,6,5,88,3,57,7,3,,
548,2000,8,장원진,두산,0.323,133,579,527,,170,27,5,7,,59,10,4,43,3,37,12,3,,
549,2000,8,이병규,LG,0.323,129,595,527,,170,28,1,18,,99,14,8,52,5,91,15,2,,
550,2000,10,이영우,한화,0.318,128,542,478,,152,36,5,25,,64,7,12,52,8,91,5,3,,
551,2000,11,우즈,두산,0.315,127,565,479,,151,22,0,39,,111,4,1,77,6,132,13,2,,
552,2000,12,양준혁,LG,0.313,117,514,432,,135,30,2,15,,92,15,4,73,5,65,6,3,,
553,2000,13,박재홍,현대,0.309,132,572,489,,151,31,5,32,,115,30,14,64,7,77,15,2,,
554,2000,14,김재현,LG,0.308,131,560,464,,143,32,2,11,,62,6,6,81,7,73,11,6,,
555,2000,15,심정수,두산,0.304,126,542,454,,138,21,2,29,,91,3,0,69,10,67,12,6,,
556,2000,16,로마이어,한화,0.296,123,534,473,,140,30,0,29,,96,3,2,53,4,115,19,9,,
557,2000,17,마해영,롯데,0.294,132,569,497,,146,25,1,23,,90,2,1,51,18,75,10,8,,
558,2000,18,이승엽,삼성,0.293,125,544,454,,133,33,0,36,,95,4,5,80,7,113,5,2,,
559,2000,19,홍성흔,두산,0.29,127,484,438,,127,13,2,10,,59,10,3,32,3,50,12,10,,
560,2000,20,정경배,삼성,0.289,102,426,374,,108,25,1,12,,38,5,4,33,9,71,5,7,,
561,2000,21,스미스,LG,0.288,118,484,423,,122,27,1,35,,100,0,1,53,2,120,17,4,,
562,2000,22,박진만,현대,0.288,129,477,420,,121,30,4,15,,58,0,5,36,6,76,9,15,,
563,2000,23,강석천,한화,0.286,123,487,433,,124,24,2,7,,49,15,8,34,10,61,18,21,,
564,2000,24,박정태,롯데,0.285,107,439,386,,110,15,2,6,,53,3,0,47,1,42,13,8,,
565,2000,25,박경완,현대,0.282,130,517,408,,115,16,0,40,,95,7,4,87,12,112,7,9,,
566,2000,26,유지현,LG,0.281,129,592,495,,139,24,1,7,,38,25,9,73,2,50,4,14,,
567,2000,27,김대익,롯데,0.278,133,534,464,,129,27,4,6,,47,12,11,53,2,82,5,2,,
568,2000,28,정수근,두산,0.277,127,567,502,,139,23,3,3,,50,47,7,47,5,40,5,3,,
569,2000,29,김응국,롯데,0.277,107,439,401,,111,15,3,6,,45,9,7,34,2,78,7,2,,
570,2000,30,심재학,현대,0.265,130,502,430,,114,30,1,21,,75,3,2,51,15,59,7,4,,
571,2001,1,양준혁,LG,0.355,124,531,439,,156,20,3,14,,92,12,5,80,1,55,9,1,,
572,2001,2,심재학,두산,0.344,117,469,369,,127,20,1,24,,88,7,1,86,7,50,6,6,,
573,2001,3,에레라,SK,0.34,103,450,418,,142,27,1,15,,63,15,7,24,5,53,11,4,,
574,2001,4,호세,롯데,0.335,117,499,367,,123,20,2,36,,102,7,4,127,1,72,4,3,,
575,2001,5,데이비스,한화,0.335,130,564,496,,166,21,0,30,,96,15,9,60,2,74,15,6,,
576,2001,6,마해영,삼성,0.328,133,547,470,,154,18,0,30,,95,1,1,68,5,82,13,2,,
577,2001,7,전준호,현대,0.325,125,490,400,,130,18,6,4,,35,27,15,65,8,51,5,3,,
578,2001,8,김재현,LG,0.325,126,534,428,,139,29,1,8,,61,10,8,88,6,83,9,3,,
579,2001,9,김동주,두산,0.324,103,421,364,,118,18,0,18,,62,2,2,47,4,57,10,3,,
580,2001,10,브리또,SK,0.32,122,510,422,,135,27,0,22,,80,7,3,57,24,53,12,23,,
581,2001,11,김종석,한화,0.315,116,445,390,,123,22,2,16,,65,4,1,49,1,78,9,0,,
582,2001,12,김한수,삼성,0.311,117,478,427,,133,29,2,13,,61,3,2,28,13,57,11,10,,
583,2001,13,장성호,KIA,0.311,133,591,489,,152,32,4,23,,97,6,4,90,6,53,11,13,,
584,2001,14,산토스,KIA,0.31,130,541,484,,150,19,0,26,,107,1,0,46,1,66,17,0,,
585,2001,15,이병규,LG,0.308,133,607,542,,167,30,4,12,,83,24,8,54,4,69,10,7,,
586,2001,16,정수근,두산,0.306,122,546,467,,143,21,9,2,,53,52,11,71,1,51,8,6,,
587,2001,17,최기문,롯데,0.304,127,451,385,,117,16,2,7,,47,8,5,40,7,52,6,8,,
588,2001,18,조경환,롯데,0.303,120,497,433,,131,33,0,26,,102,2,0,47,8,109,6,1,,
589,2001,19,박진만,현대,0.3,122,449,383,,115,13,0,22,,63,9,6,47,4,65,13,25,,
590,2001,20,이숭용,현대,0.3,124,496,430,,129,29,1,10,,64,4,0,47,9,47,5,6,,
591,2001,21,심정수,현대,0.294,107,453,381,,112,19,1,18,,70,8,2,60,11,75,11,5,,
592,2001,22,홍세완,KIA,0.293,133,508,451,,132,24,1,14,,72,8,2,43,3,62,14,15,,
593,2001,23,우즈,두산,0.291,118,525,436,,127,16,2,34,,113,12,3,83,1,114,11,3,,
594,2001,24,김수연,한화,0.291,129,446,392,,114,10,3,0,,20,42,16,47,2,67,3,7,,
595,2001,25,박현승,롯데,0.288,123,521,427,,123,21,4,5,,53,15,6,72,13,68,5,9,,
596,2001,26,이영우,한화,0.286,126,448,381,,109,25,3,15,,65,10,3,62,0,70,8,1,,
597,2001,27,서용빈,LG,0.286,126,421,371,,106,19,4,0,,49,4,2,37,5,50,10,3,,
598,2001,28,김종국,KIA,0.285,101,416,361,,103,15,3,4,,25,21,12,40,5,56,5,7,,
599,2001,29,김대익,롯데,0.285,130,458,404,,115,24,2,5,,33,9,10,33,1,75,8,0,,
600,2001,30,장원진,두산,0.285,129,559,513,,146,17,3,5,,53,11,4,38,3,43,13,2,,
601,2002,1,장성호,KIA,0.343,133,586,481,82,165,29,0,19,251,95,,,,,,,,2,8
602,2002,2,마해영,삼성,0.323,133,596,532,92,172,40,2,33,315,116,,,,,,,,0,6
603,2002,3,이승엽,삼성,0.323,133,617,511,123,165,42,2,47,352,126,,,,,,,,0,2
604,2002,4,심정수,현대,0.321,133,577,502,101,161,22,1,46,323,119,,,,,,,,0,3
605,2002,5,김동주,두산,0.318,120,487,415,63,132,21,0,26,231,79,,,,,,,,0,7
606,2002,6,이영우,한화,0.315,133,564,476,96,150,26,1,24,250,52,,,,,,,,7,0
607,2002,7,김한수,삼성,0.311,127,541,486,69,151,23,1,17,227,76,,,,,,,,2,4
608,2002,8,이진영,SK,0.308,128,475,419,73,129,22,8,13,206,40,,,,,,,,6,3
609,2002,9,전준호,현대,0.3,126,501,420,83,126,15,8,3,166,28,,,,,,,,14,1
610,2002,10,이병규,LG,0.293,109,444,389,54,114,25,0,12,175,43,,,,,,,,1,2
611,2002,11,이종범,KIA,0.293,123,546,485,93,142,25,2,18,225,59,,,,,,,,4,1
612,2002,12,송지만,한화,0.291,131,557,488,84,142,18,2,38,278,104,,,,,,,,0,2
613,2002,13,채종범,SK,0.291,127,557,478,79,139,19,2,17,213,68,,,,,,,,11,3
614,2002,14,홍성흔,두산,0.289,127,484,432,51,125,17,0,18,196,70,,,,,,,,7,3
615,2002,15,이호준,SK,0.288,129,499,444,76,128,24,2,23,225,64,,,,,,,,4,2
616,2002,16,안경현,두산,0.288,130,548,486,50,140,24,4,8,196,58,,,,,,,,7,6
617,2002,17,박용택,LG,0.288,112,424,375,68,108,28,6,9,175,55,,,,,,,,1,4
618,2002,18,강동우,삼성,0.288,130,521,466,75,134,23,3,9,190,49,,,,,,,,7,1
619,2002,19,데이비스,한화,0.287,115,456,404,56,116,23,1,21,204,72,,,,,,,,0,2
620,2002,20,김종국,KIA,0.287,133,595,527,95,151,26,3,8,207,53,,,,,,,,3,1
621,2002,21,최기문,롯데,0.285,123,415,383,34,109,22,4,8,163,50,,,,,,,,2,0
622,2002,22,이숭용,현대,0.284,125,480,422,63,120,18,2,19,199,76,,,,,,,,4,2
623,2002,23,김응국,롯데,0.284,116,412,373,35,106,15,3,3,136,49,,,,,,,,2,1
624,2002,24,브리또,삼성,0.283,128,545,481,89,136,29,0,25,240,90,,,,,,,,4,4
625,2002,25,진갑용,삼성,0.281,133,517,462,58,130,29,1,18,215,86,,,,,,,,1,5
626,2002,26,페르난데스,SK,0.281,132,556,499,81,140,24,0,45,299,107,,,,,,,,0,1
627,2002,27,폴,현대,0.28,113,441,397,48,111,18,2,18,187,64,,,,,,,,1,2
628,2002,28,마르티네스,LG,0.279,109,468,409,59,114,19,1,15,180,69,,,,,,,,0,6
629,2002,29,박재홍,현대,0.278,112,481,432,57,120,24,0,15,189,67,,,,,,,,0,4
630,2002,30,양준혁,삼성,0.276,132,437,391,60,108,23,2,14,177,50,,,,,,,,0,1
631,2003,1,김동주,두산,0.342,118,504,401,61,137,23,2,23,233,89,,,,,,,,0,13
632,2003,2,심정수,현대,0.335,133,601,460,110,154,16,1,53,331,142,,,,,,,,0,8
633,2003,3,안경현,두산,0.333,128,539,475,65,158,28,3,10,222,72,,,,,,,,6,5
634,2003,4,양준혁,삼성,0.329,133,551,490,90,161,37,2,33,301,92,,,,,,,,4,2
635,2003,5,이진영,SK,0.328,128,562,481,81,158,29,6,17,250,70,,,,,,,,13,2
636,2003,6,박한이,삼성,0.322,133,612,528,113,170,34,1,12,242,59,,,,,,,,8,5
637,2003,7,김태균,한화,0.319,133,573,479,67,153,24,2,31,274,95,,,,,,,,4,2
638,2003,8,장성호,KIA,0.315,130,571,476,93,150,36,2,21,253,105,,,,,,,,3,5
639,2003,9,이종범,KIA,0.315,132,595,524,110,165,43,1,20,270,61,,,,,,,,1,4
640,2003,10,김동수,현대,0.308,117,441,367,48,113,15,1,16,178,68,,,,,,,,15,6
641,2003,11,조성환,롯데,0.307,129,543,486,73,149,25,2,6,196,38,,,,,,,,7,1
642,2003,12,박재홍,KIA,0.301,108,461,392,71,118,15,5,19,200,66,,,,,,,,6,2
643,2003,13,이승엽,삼성,0.301,131,596,479,115,144,23,0,56,335,144,,,,,,,,0,6
644,2003,14,이영우,한화,0.297,133,590,498,90,148,28,4,16,232,71,,,,,,,,3,3
645,2003,15,김한수,삼성,0.295,131,532,478,67,141,23,1,17,217,70,,,,,,,,4,4
646,2003,16,이숭용,현대,0.294,133,573,511,70,150,25,0,18,229,76,,,,,,,,7,4
647,2003,17,박종호,현대,0.293,131,597,502,90,147,26,4,6,199,61,,,,,,,,26,4
648,2003,18,마해영,삼성,0.291,132,573,502,90,146,25,0,38,285,123,,,,,,,,1,4
649,2003,19,장원진,두산,0.29,124,429,386,46,112,23,1,5,152,48,,,,,,,,4,4
650,2003,20,진갑용,삼성,0.29,126,485,435,64,126,20,2,21,213,53,,,,,,,,2,2
651,2003,21,이호준,SK,0.29,133,554,473,86,137,20,1,36,267,102,,,,,,,,2,1
652,2003,22,홍세완,KIA,0.29,129,549,487,75,141,26,1,22,235,100,,,,,,,,5,9
653,2003,23,디아즈,SK,0.285,112,485,439,56,125,26,0,22,217,63,,,,,,,,0,4
654,2003,24,조경환,SK,0.285,121,441,376,63,107,20,1,23,198,68,,,,,,,,8,1
655,2003,25,박진만,현대,0.283,129,515,421,68,119,26,0,16,193,48,,,,,,,,22,4
656,2003,26,조원우,SK,0.281,128,518,452,65,127,18,0,8,169,48,,,,,,,,13,4
657,2003,27,김상훈,KIA,0.279,125,467,423,43,118,23,1,7,164,46,,,,,,,,10,1
658,2003,28,홍원기,두산,0.273,124,453,384,43,105,13,1,8,144,42,,,,,,,,9,3
659,2003,29,마르티네스,LG,0.273,131,552,483,70,132,29,2,17,216,70,,,,,,,,1,7
660,2003,30,정경배,SK,0.272,119,425,372,55,101,16,0,12,153,51,,,,,,,,12,3
661,2004,1,브룸바,현대,0.343,132,594,475,92,163,25,1,33,289,105,,,,,,,,0,4
662,2004,2,이진영,SK,0.342,117,483,404,74,138,19,1,15,204,63,,,,,,,,6,2
663,2004,3,홍성흔,두산,0.329,133,552,501,62,165,27,2,14,238,86,,,,,,,,3,2
664,2004,4,김태균,한화,0.323,129,556,473,76,153,26,1,23,250,106,,,,,,,,0,7
665,2004,5,이병규,LG,0.323,129,562,496,95,160,26,2,14,232,64,,,,,,,,3,1
666,2004,6,김기태,SK,0.32,126,465,403,60,129,24,0,10,183,67,,,,,,,,4,1
667,2004,7,이영우,한화,0.319,131,572,483,94,154,31,3,13,230,60,,,,,,,,6,2
668,2004,8,양준혁,삼성,0.315,133,584,479,95,151,30,0,28,265,103,,,,,,,,1,2
669,2004,9,페레즈,롯데,0.314,125,532,490,60,154,17,0,18,225,86,,,,,,,,1,3
670,2004,10,박한이,삼성,0.31,132,587,503,81,156,26,2,16,234,63,,,,,,,,7,3
671,2004,11,이범호,한화,0.308,133,541,481,80,148,35,3,23,258,74,,,,,,,,5,4
672,2004,12,김재현,LG,0.3,120,458,373,56,112,18,3,14,178,62,,,,,,,,0,7
673,2004,13,박용택,LG,0.3,109,435,393,51,118,15,2,16,185,58,,,,,,,,6,1
674,2004,14,장성호,KIA,0.3,130,561,474,78,142,29,0,19,228,80,,,,,,,,0,4
675,2004,15,라이온,롯데,0.3,102,438,404,52,121,28,0,12,185,55,,,,,,,,1,3
676,2004,16,정경배,SK,0.296,105,421,362,51,107,23,0,9,157,47,,,,,,,,13,3
677,2004,17,박경완,SK,0.295,132,526,410,94,121,19,1,34,244,79,,,,,,,,6,2
678,2004,18,강동우,삼성,0.295,132,497,438,59,129,22,1,3,162,49,,,,,,,,7,1
679,2004,19,이숭용,현대,0.293,133,549,468,60,137,29,0,9,193,85,,,,,,,,4,6
680,2004,20,전준호,현대,0.292,132,581,487,88,142,10,7,4,178,48,,,,,,,,24,2
681,2004,21,데이비스,한화,0.291,119,510,440,70,128,26,1,19,213,77,,,,,,,,2,4
682,2004,22,마틴,LG,0.291,107,420,358,45,104,16,4,9,155,52,,,,,,,,0,5
683,2004,23,김동주,두산,0.286,124,517,430,72,123,19,1,19,201,76,,,,,,,,0,2
684,2004,24,박진만,현대,0.286,129,506,434,65,124,18,0,17,193,69,,,,,,,,10,5
685,2004,25,장원진,두산,0.284,130,486,429,51,122,15,4,5,160,49,,,,,,,,5,3
686,2004,26,손인호,롯데,0.284,122,480,408,54,116,21,2,5,156,42,,,,,,,,1,4
687,2004,27,심재학,KIA,0.282,128,469,372,64,105,23,2,22,198,81,,,,,,,,3,9
688,2004,28,박종호,삼성,0.282,132,587,514,78,145,25,0,8,194,59,,,,,,,,13,4
689,2004,29,마해영,KIA,0.281,124,519,437,54,123,16,0,11,172,71,,,,,,,,1,11
690,2004,30,이호준,SK,0.28,133,578,497,87,139,22,2,30,255,112,,,,,,,,2,6
691,2005,1,이병규,LG,0.337,119,517,466,62,157,24,2,9,212,75,,,,,,,,1,7
692,2005,2,데이비스,한화,0.323,118,507,431,90,139,24,0,24,235,86,,,,,,,,0,6
693,2005,3,김태균,한화,0.317,124,529,461,73,146,33,2,23,252,100,,,,,,,,0,2
694,2005,4,김재현,SK,0.315,120,499,400,63,126,17,0,19,200,77,,,,,,,,0,3
695,2005,5,이종범,KIA,0.312,118,495,430,69,134,25,2,6,181,36,,,,,,,,7,0
696,2005,6,임재철,두산,0.31,109,401,336,41,104,13,3,3,132,30,,,,,,,,22,4
697,2005,7,박재홍,SK,0.304,109,495,421,76,128,21,1,18,205,63,,,,,,,,2,3
698,2005,8,클리어,LG,0.303,110,453,402,64,122,23,4,15,198,61,,,,,,,,0,5
699,2005,9,조원우,한화,0.302,95,392,351,43,106,17,1,6,143,42,,,,,,,,3,3
700,2005,10,장성호,KIA,0.3,123,533,464,70,139,23,1,16,212,74,,,,,,,,1,4
701,2005,11,박한이,삼성,0.295,123,551,471,62,139,21,0,9,187,59,,,,,,,,12,4
702,2005,12,김한수,삼성,0.293,114,465,406,55,119,18,0,15,182,73,,,,,,,,3,3
703,2005,13,안경현,두산,0.293,105,415,355,54,104,19,0,4,135,62,,,,,,,,4,3
704,2005,14,서튼,현대,0.292,119,521,424,76,124,18,2,35,251,102,,,,,,,,0,7
705,2005,15,이진영,SK,0.291,122,523,453,76,132,19,1,20,213,74,,,,,,,,8,4
706,2005,16,진갑용,삼성,0.288,110,406,347,34,100,17,0,6,135,41,,,,,,,,11,4
707,2005,17,정수근,롯데,0.286,109,431,370,63,106,21,2,0,131,29,,,,,,,,6,2
708,2005,18,장원진,두산,0.286,123,478,423,58,121,16,0,3,146,42,,,,,,,,2,2
709,2005,19,정경배,SK,0.286,126,502,427,49,122,16,1,11,173,63,,,,,,,,14,7
710,2005,20,펠로우,롯데,0.284,109,443,398,56,113,15,1,23,199,69,,,,,,,,0,4
711,2005,21,박용택,LG,0.28,126,523,472,90,132,25,1,15,204,71,,,,,,,,0,3
712,2005,22,김민재,SK,0.277,125,508,440,58,122,19,0,2,147,37,,,,,,,,16,4
713,2005,23,손시헌,두산,0.276,126,480,416,59,115,18,5,4,155,60,,,,,,,,6,6
714,2005,24,심정수,삼성,0.275,124,528,433,77,119,14,0,28,217,87,,,,,,,,0,2
715,2005,25,조동찬,삼성,0.274,122,447,387,55,106,16,0,16,170,63,,,,,,,,3,3
716,2005,26,정수성,현대,0.273,118,429,366,53,100,14,5,0,124,19,,,,,,,,19,3
717,2005,27,이범호,한화,0.273,126,513,444,69,121,27,1,26,228,68,,,,,,,,1,6
718,2005,28,홍성흔,두산,0.272,115,433,394,41,107,17,0,11,157,74,,,,,,,,4,3
719,2005,29,이호준,SK,0.271,105,411,354,59,96,16,1,21,177,65,,,,,,,,0,2
720,2005,30,송지만,현대,0.271,123,510,436,70,118,22,0,24,212,74,,,,,,,,4,3
721,2006,1,이대호,롯데,0.336,122,499,443,71,149,26,0,26,253,88,,,,,,,,0,1
722,2006,2,이택근,현대,0.322,118,486,419,58,135,21,2,9,187,66,,,,,,,,9,4
723,2006,3,이용규,KIA,0.318,125,552,485,78,154,25,9,1,200,39,,,,,,,,7,1
724,2006,4,장성호,KIA,0.306,126,540,445,62,136,24,2,13,203,79,,,,,,,,3,6
725,2006,5,양준혁,삼성,0.303,126,533,413,63,125,31,1,13,197,81,,,,,,,,1,7
726,2006,6,이병규,LG,0.297,120,515,478,51,142,29,1,7,194,55,,,,,,,,1,1
727,2006,7,박용택,LG,0.294,126,534,476,69,140,26,3,16,220,64,,,,,,,,1,4
728,2006,8,정성훈,현대,0.291,122,492,416,56,121,26,0,13,186,66,,,,,,,,12,8
729,2006,9,김태균,한화,0.291,124,511,423,66,123,27,0,13,189,73,,,,,,,,0,4
730,2006,10,진갑용,삼성,0.288,110,408,358,28,103,22,0,6,143,47,,,,,,,,9,7
731,2006,11,홍성흔,두산,0.287,119,424,390,36,112,16,0,10,158,56,,,,,,,,2,2
732,2006,12,김재현,SK,0.287,109,441,356,42,102,16,1,8,144,51,,,,,,,,1,2
733,2006,13,이숭용,현대,0.286,119,449,370,44,106,12,0,7,139,43,,,,,,,,12,3
734,2006,14,박한이,삼성,0.285,126,567,471,89,134,21,2,6,177,43,,,,,,,,7,3
735,2006,15,데이비스,한화,0.284,117,479,415,62,118,21,0,21,202,74,,,,,,,,0,5
736,2006,16,이재주,KIA,0.284,115,436,377,38,107,26,0,13,172,59,,,,,,,,1,4
737,2006,17,정근우,SK,0.284,120,487,430,69,122,19,4,8,173,42,,,,,,,,13,4
738,2006,18,안경현,두산,0.284,125,499,423,45,120,21,0,15,186,70,,,,,,,,5,5
739,2006,19,이종욱,두산,0.284,120,448,388,76,110,14,6,1,139,32,,,,,,,,11,1
740,2006,20,박진만,삼성,0.283,115,452,382,54,108,22,1,11,165,65,,,,,,,,2,5
741,2006,21,김동수,현대,0.279,115,391,333,38,93,12,0,5,120,40,,,,,,,,17,4
742,2006,22,호세,롯데,0.277,122,504,415,59,115,21,0,22,202,78,,,,,,,,0,3
743,2006,23,이진영,SK,0.273,118,473,428,54,117,13,0,11,163,41,,,,,,,,2,0
744,2006,24,송지만,현대,0.27,119,510,441,76,119,16,0,16,183,53,,,,,,,,12,1
745,2006,25,손시헌,두산,0.267,126,462,404,29,108,16,4,2,138,34,,,,,,,,11,2
746,2006,26,조원우,한화,0.267,106,391,341,48,91,10,0,1,104,25,,,,,,,,11,4
747,2006,27,서튼,현대,0.266,93,394,331,50,88,18,1,18,162,61,,,,,,,,0,2
748,2006,28,조동찬,삼성,0.259,107,421,370,51,96,13,0,10,139,46,,,,,,,,15,1
749,2006,29,박재홍,SK,0.259,124,529,452,61,117,22,1,18,195,73,,,,,,,,2,6
750,2006,30,이범호,한화,0.257,126,497,421,53,108,25,1,20,195,73,,,,,,,,1,3
751,2007,1,이현곤,KIA,0.338,126,521,453,63,153,31,0,2,190,48,,,,,,,,13,8
752,2007,2,양준혁,삼성,0.337,123,544,442,78,149,34,0,22,249,72,,,,,,,,1,2
753,2007,3,이대호,롯데,0.335,121,514,415,79,139,21,1,29,249,87,,,,,,,,0,5
754,2007,4,정근우,SK,0.323,111,391,341,62,110,24,2,9,165,44,,,,,,,,9,0
755,2007,5,김동주,두산,0.322,119,481,382,68,123,24,0,19,204,78,,,,,,,,0,2
756,2007,6,크루즈,한화,0.321,121,498,418,68,134,30,0,22,230,85,,,,,,,,0,4
757,2007,7,이종욱,두산,0.316,123,528,465,84,147,20,12,1,194,46,,,,,,,,6,4
758,2007,8,이호준,SK,0.313,101,391,351,56,110,22,1,14,176,71,,,,,,,,0,6
759,2007,9,이택근,현대,0.313,116,495,438,74,137,15,1,11,187,56,,,,,,,,5,2
760,2007,10,박진만,삼성,0.312,100,400,333,34,104,25,0,7,150,56,,,,,,,,5,5
761,2007,11,브룸바,현대,0.308,126,547,438,75,135,13,0,29,235,87,,,,,,,,0,5
762,2007,12,이대형,LG,0.308,125,509,451,68,139,13,1,1,157,31,,,,,,,,13,2
763,2007,13,최동수,LG,0.306,125,493,431,49,132,23,0,12,191,58,,,,,,,,3,6
764,2007,14,전준호,현대,0.296,121,430,371,52,110,8,1,1,123,13,,,,,,,,8,2
765,2007,15,정수근,롯데,0.293,105,395,341,45,100,25,1,4,139,36,,,,,,,,9,2
766,2007,16,김태균,한화,0.29,118,491,393,62,114,13,0,21,190,85,,,,,,,,0,6
767,2007,17,정성훈,현대,0.29,122,503,445,59,129,29,1,16,208,76,,,,,,,,7,3
768,2007,18,이종열,LG,0.285,121,459,389,46,111,13,2,4,140,53,,,,,,,,19,4
769,2007,19,발데스,LG,0.283,116,512,435,50,123,15,0,13,177,72,,,,,,,,0,5
770,2007,20,정보명,롯데,0.282,119,436,394,40,111,24,3,2,147,45,,,,,,,,5,3
771,2007,21,조인성,LG,0.282,124,464,419,44,118,24,0,13,181,73,,,,,,,,6,5
772,2007,22,장성호,KIA,0.281,116,464,395,55,111,22,0,11,166,62,,,,,,,,0,3
773,2007,23,송지만,현대,0.281,120,478,413,54,116,25,0,15,186,64,,,,,,,,10,5
774,2007,24,이용규,KIA,0.28,118,491,439,61,123,17,8,0,156,27,,,,,,,,5,3
775,2007,25,박재홍,SK,0.28,115,400,347,53,97,19,1,17,169,54,,,,,,,,1,7
776,2007,26,박용택,LG,0.278,126,532,479,69,133,24,4,14,207,66,,,,,,,,4,5
777,2007,27,안경현,두산,0.274,109,400,351,26,96,17,4,2,127,49,,,,,,,,4,6
778,2007,28,김민재,한화,0.273,118,451,395,43,108,17,0,6,143,47,,,,,,,,20,1
779,2007,29,강민호,롯데,0.271,125,474,413,48,112,20,0,14,174,68,,,,,,,,17,3
780,2007,30,고영민,두산,0.268,126,536,444,89,119,29,1,12,186,66,,,,,,,,8,6
781,2008,1,김현수,두산,0.357,126,558,470,83,168,34,5,9,239,89,,,,,,,,0,2
782,2008,2,홍성흔,두산,0.331,114,460,423,45,140,19,2,8,187,63,,,,,,,,3,5
783,2008,3,최정,SK,0.328,114,476,406,77,133,24,1,12,195,61,,,,,,,,10,2
784,2008,4,조성환,롯데,0.327,123,525,462,79,151,27,3,10,214,81,,,,,,,,4,11
785,2008,5,김태균,한화,0.324,115,484,410,81,133,27,1,31,255,92,,,,,,,,0,5
786,2008,6,박재홍,SK,0.318,112,471,396,66,126,26,2,19,213,72,,,,,,,,0,3
787,2008,7,이택근,우리,0.317,110,428,372,59,118,19,1,12,175,58,,,,,,,,1,3
788,2008,8,박한이,삼성,0.316,104,442,370,57,117,17,2,4,150,41,,,,,,,,5,3
789,2008,9,정근우,SK,0.314,124,550,491,73,154,20,4,8,206,58,,,,,,,,6,4
790,2008,10,김주찬,롯데,0.313,104,458,412,75,129,16,7,1,162,42,,,,,,,,9,5
791,2008,11,이용규,KIA,0.312,106,473,417,62,130,24,6,0,166,38,,,,,,,,6,0
792,2008,12,전준호,우리,0.31,114,391,352,44,109,16,5,1,138,24,,,,,,,,1,2
793,2008,13,김동주,두산,0.309,109,451,363,55,112,12,2,18,182,104,,,,,,,,0,13
794,2008,14,김원섭,KIA,0.305,106,404,344,55,105,14,4,0,127,30,,,,,,,,4,2
795,2008,15,이종욱,두산,0.301,122,522,458,98,138,14,5,0,162,28,,,,,,,,6,2
796,2008,16,이대호,롯데,0.301,122,527,435,73,131,23,0,18,208,94,,,,,,,,0,12
797,2008,17,안치용,LG,0.295,101,421,370,46,109,27,3,7,163,52,,,,,,,,3,9
798,2008,18,브룸바,우리,0.293,102,420,358,39,105,17,0,13,161,61,,,,,,,,0,4
799,2008,19,강민호,롯데,0.292,122,501,435,51,127,25,1,19,211,82,,,,,,,,0,10
800,2008,20,박기혁,롯데,0.291,113,404,351,47,102,13,1,1,120,36,,,,,,,,8,3
801,2008,21,가르시아,롯데,0.283,125,513,460,68,130,25,2,30,249,111,,,,,,,,0,2
802,2008,22,송지만,우리,0.28,118,451,414,48,116,18,0,13,173,62,,,,,,,,0,4
803,2008,23,박석민,삼성,0.279,126,499,416,65,116,27,1,14,187,64,,,,,,,,8,2
804,2008,24,양준혁,삼성,0.278,114,443,385,49,107,16,2,8,151,49,,,,,,,,2,2
805,2008,25,이범호,한화,0.276,125,508,434,80,120,21,3,19,204,77,,,,,,,,0,4
806,2008,26,최형우,삼성,0.276,126,440,384,68,106,24,0,19,187,71,,,,,,,,0,2
807,2008,27,강정호,우리,0.271,116,408,362,36,98,18,1,8,142,47,,,,,,,,7,3
808,2008,28,정성훈,우리,0.27,109,399,355,43,96,21,2,3,130,34,,,,,,,,2,1
809,2008,29,고영민,두산,0.267,126,528,427,84,114,15,3,9,162,70,,,,,,,,7,6
810,2008,30,김태완,한화,0.266,124,450,383,44,102,16,0,23,187,73,,,,,,,,0,6
811,2009,1,박용택,LG,0.372,111,506,452,91,168,31,5,18,263,74,,,,,,,,3,9
812,2009,2,홍성흔,롯데,0.371,119,487,426,71,158,33,0,12,227,64,,,,,,,,0,7
813,2009,3,김현수,두산,0.357,133,572,482,97,172,31,6,23,284,104,,,,,,,,0,6
814,2009,4,김동주,두산,0.353,105,426,354,63,125,28,0,19,210,86,,,,,,,,0,3
815,2009,5,정근우,SK,0.35,127,565,480,98,168,29,4,9,232,59,,,,,,,,2,5
816,2009,6,페타지니,LG,0.332,115,498,388,62,129,16,0,26,223,100,,,,,,,,0,6
817,2009,7,김상현,KIA,0.315,121,496,448,77,141,30,2,36,283,127,,,,,,,,0,1
818,2009,8,이택근,히어로즈,0.311,123,538,456,84,142,26,0,15,213,66,,,,,,,,1,4
819,2009,9,김주찬,롯데,0.31,109,479,435,77,135,30,5,7,196,51,,,,,,,,4,6
820,2009,10,강봉규,삼성,0.31,126,529,449,89,139,24,2,20,227,78,,,,,,,,6,1
821,2009,11,최희섭,KIA,0.308,131,545,435,98,134,23,0,33,256,100,,,,,,,,0,7
822,2009,12,강동우,한화,0.302,128,585,506,88,153,30,2,10,217,48,,,,,,,,4,5
823,2009,13,최준석,두산,0.302,116,417,361,49,109,11,0,17,171,94,,,,,,,,0,4
824,2009,14,정성훈,LG,0.301,121,494,419,62,126,19,2,10,179,70,,,,,,,,8,4
825,2009,15,김원섭,KIA,0.301,101,426,356,74,107,14,9,8,163,43,,,,,,,,5,3
826,2009,16,이진영,LG,0.3,120,425,380,50,114,18,1,14,176,69,,,,,,,,2,2
827,2009,17,이원석,두산,0.298,125,414,376,49,112,20,4,9,167,53,,,,,,,,0,5
828,2009,18,이숭용,히어로즈,0.296,114,422,362,47,107,20,3,4,145,52,,,,,,,,4,6
829,2009,19,박재상,SK,0.295,133,614,515,84,152,31,4,15,236,81,,,,,,,,20,5
830,2009,20,채태인,삼성,0.293,118,425,368,58,108,26,2,17,189,72,,,,,,,,1,2
831,2009,21,이대호,롯데,0.293,133,549,478,73,140,28,1,28,254,100,,,,,,,,0,4
832,2009,22,신명철,삼성,0.291,124,485,423,71,123,17,2,20,204,61,,,,,,,,10,3
833,2009,23,클락,히어로즈,0.29,125,559,486,85,141,24,4,24,245,90,,,,,,,,0,2
834,2009,24,김태완,한화,0.289,112,446,360,62,104,17,2,23,194,68,,,,,,,,0,3
835,2009,25,손시헌,두산,0.289,121,476,412,56,119,22,3,11,180,59,,,,,,,,7,3
836,2009,26,송지만,히어로즈,0.289,115,439,374,69,108,15,3,22,195,67,,,,,,,,1,4
837,2009,27,나주환,SK,0.288,118,454,382,60,110,13,0,15,168,65,,,,,,,,20,4
838,2009,28,강정호,히어로즈,0.286,133,538,476,73,136,33,2,23,242,81,,,,,,,,8,5
839,2009,29,이범호,한화,0.284,126,499,436,64,124,21,0,25,220,79,,,,,,,,0,3
840,2009,30,최형우,삼성,0.284,113,481,415,70,118,24,0,23,211,83,,,,,,,,1,3
841,2010,1,이대호,롯데,0.364,127,552,478,99,174,13,0,44,319,133,,,,,,,,0,3
842,2010,2,홍성흔,롯데,0.35,111,498,431,88,151,28,1,26,259,116,,,,,,,,1,5
843,2010,3,조성환,롯데,0.336,111,458,414,83,139,31,0,8,194,52,,,,,,,,2,3
844,2010,4,이진영,LG,0.331,104,417,378,56,125,28,0,7,174,50,,,,,,,,2,4
845,2010,5,최준석,두산,0.321,127,482,424,63,136,26,1,22,230,82,,,,,,,,1,2
846,2010,6,조인성,LG,0.317,133,511,457,69,145,24,1,28,255,107,,,,,,,,5,5
847,2010,7,김현수,두산,0.317,132,565,473,88,150,29,0,24,251,89,,,,,,,,0,8
848,2010,8,김강민,SK,0.317,115,450,401,74,127,19,2,10,180,72,,,,,,,,11,3
849,2010,9,이종욱,두산,0.312,114,471,413,66,129,16,2,5,164,45,,,,,,,,6,3
850,2010,10,이용규,KIA,0.307,129,555,472,74,145,19,1,3,175,51,,,,,,,,7,3
851,2010,11,박정권,SK,0.306,124,505,431,76,132,19,4,18,213,76,,,,,,,,2,4
852,2010,12,손아섭,롯데,0.306,121,487,422,85,129,23,0,11,185,47,,,,,,,,9,5
853,2010,13,정근우,SK,0.305,128,563,485,75,148,25,2,2,183,48,,,,,,,,22,1
854,2010,14,강민호,롯데,0.305,117,465,410,66,125,19,1,23,215,72,,,,,,,,0,5
855,2010,15,박석민,삼성,0.303,112,457,356,58,108,18,0,15,171,64,,,,,,,,5,5
856,2010,16,박한이,삼성,0.301,128,470,379,64,114,21,2,11,172,63,,,,,,,,10,5
857,2010,17,강정호,넥센,0.301,133,522,449,60,135,30,2,12,205,58,,,,,,,,3,2
858,2010,18,정원석,한화,0.3,118,428,353,39,106,20,3,7,153,42,,,,,,,,11,8
859,2010,19,최정,SK,0.3,123,493,400,84,120,31,1,20,213,80,,,,,,,,16,8
860,2010,19,박용택,LG,0.3,107,420,370,62,111,21,0,9,159,45,,,,,,,,6,1
861,2010,21,김동주,두산,0.295,110,470,387,60,114,22,0,20,196,67,,,,,,,,1,5
862,2010,22,유한준,넥센,0.291,131,543,481,52,140,27,0,9,194,79,,,,,,,,8,4
863,2010,23,안치홍,KIA,0.291,133,537,461,79,134,21,3,8,185,50,,,,,,,,16,4
864,2010,24,송지만,넥센,0.291,127,432,375,52,109,15,1,17,177,63,,,,,,,,2,6
865,2010,25,이병규,LG,0.29,117,451,404,49,117,14,1,9,160,64,,,,,,,,4,6
866,2010,26,최희섭,KIA,0.286,126,532,444,78,127,22,1,21,214,84,,,,,,,,0,3
867,2010,27,장기영,넥센,0.283,119,493,435,60,123,16,10,1,162,47,,,,,,,,12,4
868,2010,28,신명철,삼성,0.28,125,476,397,56,111,22,1,9,162,57,,,,,,,,13,6
869,2010,29,최형우,삼성,0.279,121,506,420,71,117,29,1,24,220,97,,,,,,,,2,5
870,2010,30,김주찬,롯데,0.276,118,535,485,89,134,18,4,9,187,40,,,,,,,,11,3
871,2011,1,이대호,롯데,0.357,133,570,493,76,176,26,1,27,285,113,,,,,,,,0,6
872,2011,2,최형우,삼성,0.34,133,571,480,80,163,37,3,30,296,118,,,,,,,,0,10
873,2011,3,이병규,LG,0.338,127,519,485,64,164,24,0,16,236,75,,,,,,,,2,2
874,2011,4,이용규,KIA,0.333,111,503,421,84,140,16,2,3,169,33,,,,,,,,7,3
875,2011,5,손아섭,롯데,0.326,116,492,442,79,144,25,5,15,224,83,,,,,,,,1,4
876,2011,6,안치홍,KIA,0.315,115,433,378,54,119,21,4,5,163,46,,,,,,,,17,2
877,2011,7,최정,SK,0.31,113,488,403,64,125,25,1,20,212,75,,,,,,,,13,6
878,2011,8,홍성흔,롯데,0.306,132,535,474,70,145,24,2,6,191,67,,,,,,,,0,5
879,2011,9,이종욱,두산,0.303,121,499,436,64,132,11,5,5,168,44,,,,,,,,5,4
880,2011,10,박용택,LG,0.302,115,450,414,57,125,21,1,15,193,64,,,,,,,,1,4
881,2011,11,김현수,두산,0.301,130,561,475,71,143,25,2,13,211,91,,,,,,,,0,9
882,2011,12,전준우,롯데,0.301,133,601,539,97,162,38,5,11,243,64,,,,,,,,2,3
883,2011,13,이대수,한화,0.301,122,420,366,46,110,16,3,8,156,50,,,,,,,,14,4
884,2011,14,양의지,두산,0.301,119,438,376,43,113,14,3,4,145,46,,,,,,,,11,4
885,2011,15,정성훈,LG,0.291,127,494,422,61,123,18,1,10,173,57,,,,,,,,11,7
886,2011,16,김선빈,KIA,0.29,98,412,335,58,97,12,2,4,125,47,,,,,,,,20,5
887,2011,17,황재균,롯데,0.289,117,458,398,62,115,18,4,12,177,68,,,,,,,,3,8
888,2011,18,강민호,롯데,0.289,124,506,450,63,130,25,2,19,216,66,,,,,,,,0,1
889,2011,19,유한준,넥센,0.289,121,511,447,64,129,23,2,3,165,54,,,,,,,,4,4
890,2011,20,강동우,한화,0.288,133,599,518,83,149,13,3,13,207,51,,,,,,,,12,4
891,2011,21,김동주,두산,0.286,120,483,406,57,116,24,1,17,193,75,,,,,,,,0,3
892,2011,22,정수빈,두산,0.285,128,476,414,66,118,17,8,1,154,38,,,,,,,,8,3
893,2011,23,강정호,넥센,0.282,123,504,444,53,125,22,2,9,178,63,,,,,,,,3,5
894,2011,24,김상수,삼성,0.278,128,476,406,53,113,16,4,2,143,47,,,,,,,,15,1
895,2011,25,박석민,삼성,0.278,128,537,457,74,127,24,3,15,202,86,,,,,,,,5,3
896,2011,26,오재원,두산,0.277,129,529,466,73,129,18,4,6,173,46,,,,,,,,12,3
897,2011,27,최진행,한화,0.276,127,511,434,63,120,11,1,19,190,85,,,,,,,,0,3
898,2011,28,최준석,두산,0.271,124,485,421,49,114,26,0,15,185,75,,,,,,,,2,5
899,2011,29,한상훈,한화,0.269,131,485,398,49,107,12,3,3,134,39,,,,,,,,33,2
900,2011,30,조인성,LG,0.267,117,441,390,46,104,14,2,15,167,59,,,,,,,,2,1
901,2012,1,김태균,한화,0.363,126,513,416,61,151,24,0,16,223,80,,,,,,,,0,5
902,2012,2,강정호,넥센,0.314,124,519,436,77,137,32,0,25,244,82,,,,,,,,1,5
903,2012,3,손아섭,롯데,0.314,132,556,503,61,158,26,0,5,199,58,,,,,,,,2,4
904,2012,4,박석민,삼성,0.312,127,549,443,79,138,19,3,23,232,91,,,,,,,,2,5
905,2012,5,정성훈,LG,0.31,107,438,365,50,113,27,3,12,182,53,,,,,,,,2,5
906,2012,6,이승엽,삼성,0.307,126,556,488,84,150,28,2,21,245,85,,,,,,,,1,4
907,2012,7,이진영,LG,0.307,105,412,365,39,112,18,0,4,142,55,,,,,,,,0,2
908,2012,8,박용택,LG,0.305,127,556,499,82,152,34,3,11,225,76,,,,,,,,1,7
909,2012,9,박한이,삼성,0.304,111,463,388,61,118,19,4,1,148,51,,,,,,,,13,3
910,2012,10,김원섭,KIA,0.303,120,472,386,60,117,21,4,3,155,61,,,,,,,,12,3
911,2012,11,이호준,SK,0.3,127,504,426,55,128,26,0,18,208,78,,,,,,,,0,1
912,2012,12,이병규,LG,0.3,118,455,420,52,126,25,1,5,168,41,,,,,,,,5,6
913,2012,13,최정,SK,0.3,130,553,474,85,142,33,1,26,255,84,,,,,,,,3,6
914,2012,14,김주찬,롯데,0.294,118,488,435,62,128,27,3,5,176,39,,,,,,,,11,5
915,2012,15,홍성흔,롯데,0.292,113,443,390,48,114,20,0,15,179,74,,,,,,,,1,3
916,2012,16,김현수,두산,0.291,122,491,437,47,127,17,1,7,167,65,,,,,,,,0,5
917,2012,17,박병호,넥센,0.29,133,560,469,76,136,34,0,31,263,105,,,,,,,,0,7
918,2012,18,안치홍,KIA,0.288,132,558,489,60,141,31,2,3,185,64,,,,,,,,14,7
919,2012,19,이용규,KIA,0.283,125,580,491,86,139,14,2,2,163,37,,,,,,,,10,3
920,2012,20,김선빈,KIA,0.281,126,532,441,63,124,19,2,5,162,55,,,,,,,,25,6
921,2012,21,이대수,한화,0.279,118,425,376,36,105,23,4,4,148,48,,,,,,,,14,5
922,2012,22,양의지,두산,0.279,122,416,359,39,100,22,1,5,139,27,,,,,,,,9,1
923,2012,23,김상수,삼성,0.274,129,489,419,64,115,18,4,2,147,36,,,,,,,,16,6
924,2012,24,나지완,KIA,0.274,124,480,398,40,109,17,1,11,161,56,,,,,,,,8,5
925,2012,25,강민호,롯데,0.273,119,454,400,41,109,21,0,19,187,66,,,,,,,,0,2
926,2012,26,황재균,롯데,0.272,133,504,448,42,122,19,1,4,155,51,,,,,,,,11,2
927,2012,27,김강민,SK,0.272,123,474,427,49,116,20,0,5,151,31,,,,,,,,11,3
928,2012,28,최형우,삼성,0.271,125,531,461,51,125,27,1,14,196,77,,,,,,,,0,10
929,2012,29,서건창,넥센,0.266,127,501,433,70,115,21,10,1,159,40,,,,,,,,13,3
930,2012,30,정근우,SK,0.266,127,534,467,53,124,13,4,8,169,46,,,,,,,,12,2
931,2013,1,이병규,LG,0.348,98,401,374,39,130,19,3,5,170,74,,,,,,,,0,3
932,2013,2,손아섭,롯데,0.345,128,568,498,83,172,23,4,11,236,69,,,,,,,,0,3
933,2013,3,이진영,LG,0.329,106,411,368,41,121,26,1,3,158,62,,,,,,,,1,3
934,2013,4,박용택,LG,0.328,125,539,476,79,156,22,4,7,207,67,,,,,,,,0,7
935,2013,5,김태균,한화,0.319,101,430,345,41,110,24,0,10,164,52,,,,,,,,0,4
936,2013,6,민병헌,두산,0.319,119,449,383,71,122,21,7,9,184,65,,,,,,,,12,7
937,2013,7,박석민,삼성,0.318,117,474,396,61,126,24,0,18,204,76,,,,,,,,0,2
938,2013,8,박병호,넥센,0.318,128,556,450,91,143,17,0,37,271,117,,,,,,,,0,6
939,2013,9,최정,SK,0.316,120,525,434,75,137,18,0,28,239,83,,,,,,,,1,2
940,2013,10,정성훈,LG,0.312,121,477,407,64,127,22,1,9,178,62,,,,,,,,0,4
941,2013,11,신종길,KIA,0.31,104,427,377,55,117,22,5,4,161,50,,,,,,,,11,4
942,2013,12,이종욱,두산,0.307,110,456,401,77,123,23,6,6,176,52,,,,,,,,12,2
943,2013,13,최형우,삼성,0.305,128,573,511,80,156,28,0,29,271,98,,,,,,,,0,8
944,2013,14,김현수,두산,0.302,122,510,434,63,131,23,1,16,204,90,,,,,,,,0,12
945,2013,15,김강민,SK,0.301,105,397,352,39,106,22,3,10,164,55,,,,,,,,2,3
946,2013,16,최진행,한화,0.3,106,422,367,39,110,27,0,8,161,53,,,,,,,,1,1
947,2013,17,홍성흔,두산,0.299,127,538,469,61,140,21,0,15,206,72,,,,,,,,3,3
948,2013,18,김상수,삼성,0.298,115,422,372,57,111,17,3,7,155,44,,,,,,,,9,6
949,2013,19,배영섭,삼성,0.295,113,476,393,66,116,16,4,2,146,38,,,,,,,,8,3
950,2013,20,이용규,KIA,0.295,100,453,390,74,115,20,1,2,143,22,,,,,,,,10,2
951,2013,21,박정권,SK,0.292,110,434,363,56,106,20,1,18,182,70,,,,,,,,0,6
952,2013,22,강정호,넥센,0.291,126,532,450,67,131,21,1,22,220,96,,,,,,,,2,6
953,2013,23,나지완,KIA,0.287,125,522,435,57,125,18,0,21,206,96,,,,,,,,1,5
954,2013,24,이택근,넥센,0.287,123,536,477,73,137,31,1,9,197,66,,,,,,,,6,7
955,2013,25,정현석,한화,0.287,121,403,356,47,102,15,1,4,131,27,,,,,,,,3,0
956,2013,26,박한이,삼성,0.284,112,466,394,56,112,12,3,6,148,55,,,,,,,,18,2
957,2013,27,김민성,넥센,0.282,128,523,458,60,129,24,2,15,202,72,,,,,,,,3,4
958,2013,28,조영훈,NC,0.282,120,426,380,38,107,26,3,6,157,39,,,,,,,,3,2
959,2013,29,정근우,SK,0.28,112,476,407,64,114,19,3,9,166,35,,,,,,,,11,1
960,2013,30,이호준,NC,0.278,126,508,442,46,123,25,1,20,210,87,,,,,,,,0,5
961,2014,1,서건창,넥센,0.37,128,616,543,135,201,41,17,7,297,67,,,,,,,,4,2
962,2014,2,김태균,한화,0.365,118,508,422,66,154,30,0,18,238,84,,,,,,,,0,5
963,2014,3,손아섭,롯데,0.362,122,570,483,105,175,25,3,18,260,80,,,,,,,,0,2
964,2014,4,강정호,넥센,0.356,117,501,418,103,149,36,2,40,309,117,,,,,,,,0,2
965,2014,5,최형우,삼성,0.356,113,493,430,92,153,33,0,31,279,100,,,,,,,,0,6
966,2014,6,김주찬,KIA,0.346,100,442,399,72,138,32,4,9,205,46,,,,,,,,6,2
967,2014,7,민병헌,두산,0.345,124,527,470,85,162,31,3,12,235,79,,,,,,,,8,6
968,2014,8,테임즈,NC,0.343,125,514,443,95,152,30,6,37,305,121,,,,,,,,0,6
969,2014,9,박용택,LG,0.343,124,549,464,71,159,24,2,9,214,73,,,,,,,,2,7
970,2014,10,안치홍,KIA,0.339,126,479,434,65,147,31,2,18,236,88,,,,,,,,2,4
971,2014,11,이재원,SK,0.337,120,484,412,48,139,30,2,12,209,83,,,,,,,,0,11
972,2014,12,박한이,삼성,0.331,125,567,472,83,156,22,2,9,209,80,,,,,,,,24,5
973,2014,13,나성범,NC,0.329,123,536,477,88,157,28,5,30,285,101,,,,,,,,1,1
974,2014,14,정성훈,LG,0.329,112,455,383,71,126,25,1,13,192,59,,,,,,,,2,4
975,2014,15,피에,한화,0.326,119,498,445,61,145,33,2,17,233,92,,,,,,,,0,12
976,2014,16,이진영,LG,0.325,119,468,412,53,134,19,2,6,175,65,,,,,,,,2,9
977,2014,17,이대형,KIA,0.323,126,505,461,75,149,15,9,1,185,40,,,,,,,,5,2
978,2014,18,김현수,두산,0.322,125,528,463,75,149,26,0,17,226,90,,,,,,,,0,5
979,2014,19,황재균,롯데,0.321,128,550,486,66,156,33,3,12,231,76,,,,,,,,4,4
980,2014,20,오재원,두산,0.318,110,420,359,60,114,21,6,5,162,40,,,,,,,,9,0
981,2014,21,채태인,삼성,0.317,124,541,492,69,156,38,1,14,238,99,,,,,,,,0,6
982,2014,22,송광민,한화,0.316,103,421,389,52,123,22,2,11,182,58,,,,,,,,4,2
983,2014,23,유한준,넥센,0.316,122,469,405,71,128,31,0,20,219,91,,,,,,,,8,7
984,2014,24,홍성흔,두산,0.315,124,521,447,63,141,19,1,20,222,82,,,,,,,,5,1
985,2014,25,박석민,삼성,0.315,110,425,356,77,112,21,0,27,214,72,,,,,,,,0,3
986,2014,26,나지완,KIA,0.312,118,470,398,64,124,22,0,19,203,79,,,,,,,,0,6
987,2014,27,박정권,SK,0.31,120,499,452,81,140,33,2,27,258,109,,,,,,,,0,4
988,2014,28,박종윤,롯데,0.309,123,476,440,59,136,31,4,7,196,73,,,,,,,,4,6
989,2014,29,칸투,두산,0.309,111,419,376,56,116,25,1,18,197,72,,,,,,,,0,2
990,2014,30,이승엽,삼성,0.308,127,548,506,83,156,30,0,32,282,101,,,,,,,,0,2
991,2015,1,테임즈,NC,0.381,142,595,472,130,180,42,5,47,373,140,,,,,,,,0,7
992,2015,2,유한준,넥센,0.362,139,598,520,103,188,42,1,23,301,116,,,,,,,,1,8
993,2015,3,구자욱,삼성,0.349,116,465,410,97,143,33,5,11,219,57,,,,,,,,0,4
994,2015,4,마르테,KT,0.348,115,487,425,85,148,32,1,20,242,89,,,,,,,,0,8
995,2015,5,박병호,넥센,0.343,140,622,528,129,181,35,1,53,377,146,,,,,,,,0,4
996,2015,6,이용규,한화,0.341,124,585,493,94,168,15,7,4,209,42,,,,,,,,11,4
997,2015,7,이승엽,삼성,0.332,122,522,470,87,156,28,1,26,264,90,,,,,,,,0,6
998,2015,8,박용택,LG,0.326,128,533,487,66,159,28,2,18,245,83,,,,,,,,1,7
999,2015,9,나성범,NC,0.326,144,622,564,112,184,34,5,28,312,135,,,,,,,,3,8
1000,2015,10,김현수,두산,0.326,141,630,512,103,167,26,0,28,277,121,,,,,,,,0,9
1001,2015,11,양의지,두산,0.326,132,513,442,70,144,27,0,20,231,93,,,,,,,,2,6
1002,2015,12,필,KIA,0.325,143,591,536,81,174,35,1,22,277,101,,,,,,,,0,9
1003,2015,13,박석민,삼성,0.321,135,559,448,90,144,25,0,26,247,116,,,,,,,,1,8
1004,2015,14,최형우,삼성,0.318,144,637,547,94,174,33,1,33,308,123,,,,,,,,0,8
1005,2015,15,손아섭,롯데,0.317,116,517,445,86,141,28,1,13,210,54,,,,,,,,0,3
1006,2015,16,허경민,두산,0.317,117,453,404,64,128,20,2,1,155,41,,,,,,,,8,3
1007,2015,17,정근우,한화,0.316,126,552,468,99,148,30,2,12,218,66,,,,,,,,13,2
1008,2015,18,김태균,한화,0.316,133,524,408,61,129,28,0,21,220,104,,,,,,,,1,5
1009,2015,19,이명기,SK,0.315,137,582,521,88,164,30,2,3,207,35,,,,,,,,11,4
1010,2015,20,아두치,롯데,0.314,132,594,526,105,165,34,5,28,293,106,,,,,,,,1,4
1011,2015,21,강민호,롯데,0.311,123,456,380,63,118,18,1,35,243,86,,,,,,,,0,2
1012,2015,22,김재호,두산,0.307,133,488,410,63,126,24,3,3,165,50,,,,,,,,14,7
1013,2015,23,최준석,롯데,0.306,144,618,507,78,155,18,1,31,268,109,,,,,,,,1,1
1014,2015,24,박민우,NC,0.304,141,617,520,111,158,31,6,3,210,47,,,,,,,,3,7
1015,2015,25,민병헌,두산,0.303,129,561,491,80,149,20,2,12,209,75,,,,,,,,6,6
1016,2015,26,김민성,넥센,0.303,118,489,445,60,135,24,0,16,207,71,,,,,,,,2,3
1017,2015,27,이대형,KT,0.302,140,616,546,86,165,23,3,0,194,37,,,,,,,,10,1
1018,2015,28,정훈,롯데,0.3,135,562,486,85,146,27,2,9,204,62,,,,,,,,7,3
1019,2015,29,김성현,SK,0.297,129,449,397,49,118,20,0,8,162,48,,,,,,,,12,2
1020,2015,30,정수빈,두산,0.295,128,570,491,79,145,27,7,2,192,59,,,,,,,,19,6
1021,2016,1,최형우,삼성,0.376,138,618,519,99,195,46,2,31,338,144,,,,,,,,0,7
1022,2016,2,김태균,한화,0.365,144,652,529,94,193,39,0,23,301,136,,,,,,,,0,6
1023,2016,3,이용규,한화,0.352,113,530,452,98,159,20,4,3,196,41,,,,,,,,7,1
1024,2016,4,김주찬,KIA,0.346,130,555,511,97,177,37,3,23,289,101,,,,,,,,1,6
1025,2016,5,박용택,LG,0.346,138,578,509,84,176,24,0,11,233,90,,,,,,,,0,7
1026,2016,6,구자욱,삼성,0.343,108,495,428,105,147,19,13,14,234,77,,,,,,,,2,5
1027,2016,7,박민우,NC,0.343,121,515,435,84,149,16,6,3,186,55,,,,,,,,10,7
1028,2016,8,유한준,KT,0.336,110,460,408,70,137,22,0,14,201,64,,,,,,,,0,3
1029,2016,9,황재균,롯데,0.335,127,559,498,97,167,26,5,27,284,113,,,,,,,,0,8
1030,2016,10,박건우,두산,0.335,132,540,484,95,162,36,4,20,266,83,,,,,,,,4,5
1031,2016,11,고종욱,넥센,0.334,133,566,527,92,176,22,9,8,240,72,,,,,,,,1,5
1032,2016,12,김재환,두산,0.325,134,568,492,107,160,32,3,37,309,124,,,,,,,,0,5
1033,2016,13,송광민,한화,0.325,116,494,449,80,146,27,2,17,228,83,,,,,,,,7,6
1034,2016,14,김문호,롯데,0.325,140,599,526,77,171,28,3,7,226,70,,,,,,,,3,2
1035,2016,15,서건창,넥센,0.325,140,646,560,111,182,30,7,7,247,63,,,,,,,,3,4
1036,2016,16,민병헌,두산,0.325,134,579,511,98,166,31,4,16,253,87,,,,,,,,1,4
1037,2016,17,손아섭,롯데,0.323,144,672,575,118,186,33,1,16,269,81,,,,,,,,0,2
1038,2016,18,강민호,롯데,0.323,116,460,381,65,123,26,0,20,209,72,,,,,,,,0,3
1039,2016,19,로사리오,한화,0.321,127,532,492,78,158,31,2,33,292,120,,,,,,,,1,2
1040,2016,20,테임즈,NC,0.321,123,529,436,118,140,30,3,40,296,121,,,,,,,,0,7
1041,2016,21,이대형,KT,0.32,143,654,600,89,192,14,3,1,215,42,,,,,,,,7,1
1042,2016,22,김성현,SK,0.319,138,530,479,66,153,28,0,8,205,65,,,,,,,,5,7
1043,2016,23,오재일,두산,0.316,105,455,380,69,120,20,2,27,225,92,,,,,,,,2,7
1044,2016,24,박경수,KT,0.313,121,476,402,64,126,22,1,20,210,80,,,,,,,,0,4
1045,2016,25,채은성,LG,0.313,128,451,403,64,126,20,3,9,179,81,,,,,,,,2,8
1046,2016,26,필,KIA,0.313,132,544,499,71,156,37,1,20,255,86,,,,,,,,0,7
1047,2016,27,정의윤,SK,0.311,144,616,576,68,179,32,1,27,294,100,,,,,,,,0,5
1048,2016,28,김재호,두산,0.31,137,496,416,69,129,27,3,7,183,78,,,,,,,,5,13
1049,2016,29,이범호,KIA,0.31,138,560,484,93,150,23,0,33,272,108,,,,,,,,0,7
1050,2016,30,정근우,한화,0.31,138,650,575,121,178,31,2,18,267,88,,,,,,,,1,5
1051,2017,1,김선빈,KIA,0.37,137,529,476,84,176,34,1,5,227,64,,,,,,,,5,4
1052,2017,2,박건우,두산,0.366,131,543,483,91,177,40,2,20,281,78,,,,,,,,5,4
1053,2017,3,박민우,NC,0.363,106,452,388,84,141,25,4,3,183,47,,,,,,,,3,4
1054,2017,4,나성범,NC,0.347,125,561,498,103,173,42,2,24,291,99,,,,,,,,0,3
1055,2017,5,박용택,LG,0.344,138,596,509,83,175,23,2,14,244,90,,,,,,,,0,9
1056,2017,6,최형우,KIA,0.342,142,629,514,98,176,36,3,26,296,120,,,,,,,,0,8
1057,2017,7,김재환,두산,0.34,144,636,544,110,185,34,2,35,328,115,,,,,,,,0,4
1058,2017,8,로사리오,한화,0.339,119,510,445,100,151,30,1,37,294,111,,,,,,,,0,5
1059,2017,9,손아섭,롯데,0.335,144,667,576,113,193,35,4,20,296,80,,,,,,,,1,3
1060,2017,10,서건창,넥센,0.332,139,615,539,87,179,28,3,6,231,76,,,,,,,,2,6
1061,2017,11,이명기,KIA,0.332,115,512,464,79,154,24,4,9,213,63,,,,,,,,14,3
1062,2017,12,송광민,한화,0.327,117,473,437,71,143,26,0,13,208,75,,,,,,,,4,8
1063,2017,13,이정후,넥센,0.324,144,622,552,111,179,29,8,2,230,47,,,,,,,,2,2
1064,2017,14,전준우,롯데,0.321,110,496,455,76,146,27,1,18,229,69,,,,,,,,2,2
1065,2017,15,이대호,롯데,0.32,142,608,540,73,173,13,0,34,288,111,,,,,,,,0,3
1066,2017,16,버나디나,KIA,0.32,139,621,557,118,178,26,8,27,301,111,,,,,,,,3,9
1067,2017,17,최정,SK,0.316,130,527,430,89,136,18,1,46,294,113,,,,,,,,0,8
1068,2017,18,안치홍,KIA,0.316,132,545,487,95,154,29,2,21,250,93,,,,,,,,6,5
1069,2017,19,러프,삼성,0.315,134,591,515,90,162,38,0,31,293,124,,,,,,,,0,4
1070,2017,20,윤석민,KT,0.312,142,586,538,90,168,30,1,20,260,105,,,,,,,,0,7
1071,2017,21,모창민,NC,0.312,136,527,474,64,148,25,3,17,230,90,,,,,,,,3,9
1072,2017,22,고종욱,넥센,0.312,123,453,426,70,133,24,8,8,197,54,,,,,,,,0,2
1073,2017,23,구자욱,삼성,0.31,144,647,564,108,175,39,10,21,297,107,,,,,,,,0,10
1074,2017,24,김주찬,KIA,0.309,122,478,440,78,136,39,2,12,215,70,,,,,,,,2,1
1075,2017,25,오재일,두산,0.306,128,466,412,62,126,27,0,26,231,89,,,,,,,,1,3
1076,2017,26,유한준,KT,0.306,133,497,445,52,136,19,0,13,194,68,,,,,,,,2,3
1077,2017,27,민병헌,두산,0.304,123,520,447,73,136,21,0,14,199,71,,,,,,,,1,6
1078,2017,28,강한울,삼성,0.303,135,448,412,58,125,9,3,0,140,24,,,,,,,,9,1
1079,2017,29,번즈,롯데,0.303,116,468,423,71,128,38,0,15,211,57,,,,,,,,2,3
1080,2017,30,김하성,넥센,0.302,141,601,526,90,159,36,3,23,270,114,,,,,,,,2,7
1081,2018,1,김현수,LG,0.362,117,511,453,95,164,39,2,20,267,101,,,,,,,,0,10
1082,2018,2,양의지,두산,0.358,133,503,439,84,157,29,1,23,257,77,,,,,,,,0,6
1083,2018,3,이정후,넥센,0.355,109,520,459,81,163,34,2,6,219,57,,,,,,,,3,8
1084,2018,4,박병호,넥센,0.345,113,488,400,88,138,20,0,43,287,112,,,,,,,,0,3
1085,2018,5,안치홍,KIA,0.342,130,549,494,88,169,38,1,23,278,118,,,,,,,,0,9
1086,2018,6,전준우,롯데,0.342,144,614,556,118,190,36,2,33,329,90,,,,,,,,1,2
1087,2018,7,김주찬,KIA,0.34,121,471,429,71,146,23,0,18,223,93,,,,,,,,2,10
1088,2018,8,최형우,KIA,0.339,143,609,528,92,179,34,1,25,290,103,,,,,,,,0,8
1089,2018,9,유한준,KT,0.339,121,480,428,59,145,21,1,20,228,83,,,,,,,,2,1
1090,2018,10,김재환,두산,0.334,139,602,527,104,176,36,1,44,346,133,,,,,,,,0,7
1091,2018,11,최주환,두산,0.333,138,590,519,87,173,39,6,26,302,108,,,,,,,,0,10
1092,2018,11,이대호,롯데,0.333,144,604,543,81,181,30,0,37,322,125,,,,,,,,0,4
1093,2018,13,구자욱,삼성,0.333,116,529,478,100,159,26,5,20,255,84,,,,,,,,1,2
1094,2018,14,채은성,LG,0.331,139,578,529,78,175,36,2,25,290,119,,,,,,,,0,5
1095,2018,15,러프,삼성,0.33,137,597,506,97,167,32,4,33,306,125,,,,,,,,0,8
1096,2018,16,이재원,SK,0.329,130,471,407,63,134,24,0,17,209,57,,,,,,,,4,5
1097,2018,17,손아섭,롯데,0.329,141,625,553,109,182,32,5,26,302,93,,,,,,,,1,1
1098,2018,18,박건우,두산,0.326,125,529,488,79,159,24,6,12,231,84,,,,,,,,1,2
1099,2018,19,허경민,두산,0.324,133,577,516,85,167,30,5,10,237,79,,,,,,,,5,8
1100,2018,20,박민우,NC,0.324,115,460,411,68,133,22,5,5,180,33,,,,,,,,3,4
1101,2018,21,나성범,NC,0.318,144,620,556,110,177,36,3,23,288,91,,,,,,,,0,5
1102,2018,22,민병헌,롯데,0.318,118,494,443,74,141,21,0,17,213,66,,,,,,,,2,6
1103,2018,23,로맥,SK,0.316,141,616,528,102,167,19,0,43,315,107,,,,,,,,0,6
1104,2018,24,이형종,LG,0.316,118,485,437,83,138,27,0,13,204,42,,,,,,,,5,0
1105,2018,25,오재원,두산,0.313,132,521,473,78,148,24,1,15,219,81,,,,,,,,3,2
1106,2018,26,노수광,SK,0.313,135,588,515,93,161,21,8,8,222,53,,,,,,,,9,3
1107,2018,27,김재호,두산,0.311,131,467,402,78,125,20,0,16,193,75,,,,,,,,3,6
1108,2018,28,버나디나,KIA,0.31,131,590,513,106,159,25,3,20,250,70,,,,,,,,3,1
1109,2018,29,호잉,한화,0.306,142,590,529,85,162,47,2,30,303,110,,,,,,,,0,5
1110,2018,30,로하스,KT,0.305,144,645,564,114,172,30,1,43,333,114,,,,,,,,1,2
1111,2019,1,양의지,NC,0.354,118,459,390,61,138,26,0,20,224,68,,,,,,,,0,6
1112,2019,2,페르난데스,두산,0.344,144,645,572,87,197,34,0,15,276,88,,,,,,,,0,6
1113,2019,3,박민우,NC,0.344,125,526,468,89,161,23,8,1,203,45,,,,,,,,2,6
1114,2019,4,이정후,키움,0.336,140,630,574,91,193,31,10,6,262,68,,,,,,,,3,4
1115,2019,5,강백호,KT,0.336,116,505,438,72,147,29,1,13,217,65,,,,,,,,0,4
1116,2019,6,고종욱,SK,0.323,137,513,492,76,159,25,7,3,207,56,,,,,,,,0,2
1117,2019,7,로하스,KT,0.322,142,578,521,68,168,30,3,24,276,104,,,,,,,,0,5
1118,2019,8,박건우,두산,0.319,127,537,458,83,146,27,5,10,213,64,,,,,,,,1,11
1119,2019,9,유한준,KT,0.317,139,562,501,61,159,19,1,14,222,86,,,,,,,,0,5
1120,2019,10,채은성,LG,0.315,128,514,470,59,148,18,1,12,204,72,,,,,,,,0,8
1121,2019,11,이천웅,LG,0.308,138,613,546,88,168,24,3,2,204,48,,,,,,,,4,1
1122,2019,12,김하성,키움,0.307,139,625,540,112,166,38,2,19,265,104,,,,,,,,1,7
1123,2019,13,김태균,한화,0.305,127,500,433,47,132,21,0,6,171,62,,,,,,,,0,8
1124,2019,14,샌즈,키움,0.305,139,613,525,100,160,39,1,28,285,113,,,,,,,,0,5
1125,2019,15,김현수,LG,0.304,140,595,526,75,160,37,0,11,230,82,,,,,,,,0,9
1126,2019,16,전준우,롯데,0.301,141,606,545,85,164,30,1,22,262,83,,,,,,,,1,7
1127,2019,17,서건창,키움,0.3,113,486,426,67,128,23,3,2,163,41,,,,,,,,3,5
1128,2019,18,최형우,KIA,0.3,136,555,456,65,137,31,1,17,221,86,,,,,,,,0,7
1129,2019,19,김헌곤,삼성,0.297,114,467,411,57,122,20,1,5,159,46,,,,,,,,5,6
1130,2019,20,손아섭,롯데,0.295,134,568,512,78,151,22,1,10,205,63,,,,,,,,1,2
1131,2019,21,이명기,NC,0.293,139,547,484,62,142,17,3,2,171,36,,,,,,,,7,4
1132,2019,22,오재일,두산,0.293,130,529,467,76,137,29,1,21,231,102,,,,,,,,0,4
1133,2019,23,러프,삼성,0.292,133,568,472,80,138,35,2,22,243,101,,,,,,,,0,9
1134,2019,24,최정,SK,0.292,141,606,503,86,147,27,0,29,261,99,,,,,,,,0,8
1135,2019,25,김선빈,KIA,0.292,121,447,394,55,115,22,0,3,146,40,,,,,,,,5,4
1136,2019,26,최재훈,한화,0.29,135,451,373,47,108,18,0,3,135,31,,,,,,,,4,4
1137,2019,27,허경민,두산,0.288,133,540,475,71,137,25,1,4,176,60,,,,,,,,3,11
1138,2019,28,이형종,LG,0.286,120,482,419,56,120,24,1,13,185,63,,,,,,,,1,10
1139,2019,29,이대호,롯데,0.285,135,549,485,48,138,23,1,16,211,88,,,,,,,,0,7
1140,2019,30,호잉,한화,0.284,124,525,476,74,135,26,2,18,219,73,,,,,,,,1,5
1141,2020,1,최형우,KIA,0.354,140,600,522,93,185,37,1,28,308,115,,,,,,,,0,3
1142,2020,2,손아섭,롯데,0.352,141,611,540,98,190,43,0,11,266,85,,,,,,,,1,7
1143,2020,3,로하스,KT,0.349,142,628,550,116,192,39,1,47,374,135,,,,,,,,0,8
1144,2020,4,박민우,NC,0.345,126,530,467,82,161,27,5,8,222,63,,,,,,,,2,10
1145,2020,5,페르난데스,두산,0.34,144,668,586,104,199,29,0,21,291,105,,,,,,,,0,11
1146,2020,6,이정후,키움,0.333,140,617,544,85,181,49,5,15,285,101,,,,,,,,2,8
1147,2020,7,허경민,두산,0.332,117,487,437,70,145,25,1,7,193,58,,,,,,,,3,7
1148,2020,8,김현수,LG,0.331,142,619,547,98,181,35,2,22,286,119,,,,,,,,0,7
1149,2020,9,강백호,KT,0.33,129,574,500,95,165,36,1,23,272,89,,,,,,,,0,3
1150,2020,10,양의지,NC,0.328,130,528,461,86,151,26,1,33,278,124,,,,,,,,1,6
1151,2020,11,나성범,NC,0.324,130,584,525,115,170,37,2,34,313,112,,,,,,,,0,1
1152,2020,12,황재균,KT,0.312,134,600,541,108,169,35,5,21,277,97,,,,,,,,3,4
1153,2020,13,김동엽,삼성,0.312,115,451,413,60,129,21,0,20,210,74,,,,,,,,1,4
1154,2020,14,오재일,두산,0.312,127,534,471,62,147,32,0,16,227,89,,,,,,,,0,2
1155,2020,15,구자욱,삼성,0.307,118,510,446,70,137,27,2,15,213,78,,,,,,,,1,4
1156,2020,16,최주환,두산,0.306,140,574,509,63,156,29,4,16,241,88,,,,,,,,1,10
1157,2020,17,터커,KIA,0.306,142,631,542,100,166,40,0,32,302,113,,,,,,,,0,4
1158,2020,18,박석민,NC,0.306,123,448,356,58,109,15,0,14,166,63,,,,,,,,2,4
1159,2020,19,이명기,NC,0.306,136,540,477,82,146,18,3,2,176,45,,,,,,,,5,4
1160,2020,20,김하성,키움,0.306,138,622,533,111,163,24,1,30,279,109,,,,,,,,3,3
1161,2020,21,김상수,삼성,0.304,120,471,404,71,123,18,3,5,162,47,,,,,,,,2,2
1162,2020,22,박건우,두산,0.304,129,551,487,103,148,40,0,14,230,70,,,,,,,,3,7
1163,2020,23,오지환,LG,0.3,141,591,527,95,158,41,7,10,243,71,,,,,,,,5,5
1164,2020,24,정수빈,두산,0.298,141,559,490,84,146,17,8,5,194,59,,,,,,,,7,5
1165,2020,25,조용호,KT,0.296,132,482,409,73,121,15,0,0,136,32,,,,,,,,5,2
1166,2020,26,정훈,롯데,0.295,111,476,410,72,121,19,1,11,175,58,,,,,,,,2,4
1167,2020,27,채은성,LG,0.293,109,464,416,59,122,17,2,15,188,88,,,,,,,,0,7
1168,2020,28,이대호,롯데,0.292,144,611,542,67,158,27,0,20,245,110,,,,,,,,0,11
1169,2020,29,나지완,KIA,0.291,137,556,468,73,136,19,1,17,208,92,,,,,,,,0,6
1170,2020,30,박해민,삼성,0.29,132,541,489,84,142,18,5,11,203,55,,,,,,,,7,3
1171,2021,1,이정후,키움,0.36,123,544,464,78,167,42,6,7,242,84,,,,,,,,0,9
1172,2021,2,전준우,롯데,0.348,144,619,552,88,192,46,0,7,259,92,,,,,,,,1,8
1173,2021,3,강백호,KT,0.347,142,627,516,76,179,40,1,16,269,102,,,,,,,,0,8
1174,2021,4,홍창기,LG,0.328,144,651,524,103,172,26,2,4,214,52,,,,,,,,0,2
1175,2021,5,박건우,두산,0.325,126,525,458,82,149,31,2,6,202,63,,,,,,,,0,6
1176,2021,6,양의지,NC,0.325,141,570,480,81,156,29,2,30,279,111,,,,,,,,0,10
1177,2021,7,손아섭,롯데,0.319,139,610,542,88,173,29,2,3,215,58,,,,,,,,3,1
1178,2021,8,페르난데스,두산,0.315,141,617,540,73,170,24,0,15,239,81,,,,,,,,0,6
1179,2021,9,김선빈,KIA,0.307,130,564,501,55,154,32,0,5,201,67,,,,,,,,1,5
1180,2021,10,안치홍,롯데,0.306,119,490,421,58,129,30,2,10,193,82,,,,,,,,5,9
1181,2021,11,구자욱,삼성,0.306,139,610,543,107,166,30,10,22,282,88,,,,,,,,1,12
1182,2021,12,김혜성,키움,0.304,144,635,559,99,170,20,3,3,205,66,,,,,,,,0,10
1183,2021,13,박성한,SSG,0.302,135,471,407,53,123,21,1,4,158,44,,,,,,,,12,2
1184,2021,14,이용규,키움,0.296,133,547,459,88,136,16,8,1,171,43,,,,,,,,6,6
1185,2021,15,최원준,KIA,0.295,143,668,589,82,174,21,6,4,219,44,,,,,,,,4,3
1186,2021,16,정훈,롯데,0.292,135,561,486,70,142,27,1,14,213,79,,,,,,,,1,3
1187,2021,17,황재균,KT,0.291,117,507,453,74,132,16,2,10,182,56,,,,,,,,1,4
1188,2021,18,박해민,삼성,0.291,127,542,454,78,132,22,1,5,171,54,,,,,,,,9,7
1189,2021,19,강민호,삼성,0.291,123,462,406,55,118,22,0,18,194,67,,,,,,,,0,7
1190,2021,20,이대호,롯데,0.286,114,465,420,39,120,11,0,19,188,81,,,,,,,,0,6
1191,2021,20,피렐라,삼성,0.286,140,621,553,102,158,25,2,29,274,97,,,,,,,,0,3
1192,2021,22,오재일,삼성,0.285,120,484,418,64,119,20,0,25,214,97,,,,,,,,0,8
1193,2021,23,김현수,LG,0.285,140,595,506,70,144,23,1,17,220,96,,,,,,,,0,9
1194,2021,24,정은원,한화,0.283,139,608,495,85,140,22,5,6,190,39,,,,,,,,4,3
1195,2021,25,나성범,NC,0.281,144,623,570,96,160,29,1,33,290,101,,,,,,,,0,4
1196,2021,26,마차도,롯데,0.279,134,539,466,83,130,21,1,5,168,58,,,,,,,,4,7
1197,2021,27,한유섬,SSG,0.278,135,519,442,71,123,18,1,31,236,95,,,,,,,,1,6
1198,2021,28,허경민,두산,0.278,136,518,468,61,130,24,1,5,171,59,,,,,,,,3,3
1199,2021,29,최정,SSG,0.278,134,555,436,92,121,17,1,35,245,100,,,,,,,,1,12
1200,2021,30,채은성,LG,0.276,110,448,387,59,107,20,0,16,175,82,,,,,,,,0,7
1201,2022,1,이정후,키움,0.349,142,627,553,85,193,36,10,23,318,113,,,,,,,,0,3
1202,2022,2,피렐라,삼성,0.342,141,630,561,102,192,33,4,28,317,109,,,,,,,,0,2
1203,2022,3,박건우,NC,0.336,111,463,408,52,137,18,1,10,187,61,,,,,,,,0,3
1204,2022,4,이대호,롯데,0.331,142,591,540,53,179,23,0,23,271,101,,,,,,,,0,6
1205,2022,5,나성범,KIA,0.32,144,649,563,92,180,39,2,21,286,97,,,,,,,,0,5
1206,2022,6,김혜성,키움,0.318,129,566,516,81,164,18,7,4,208,48,,,,,,,,0,3
1207,2022,7,문보경,LG,0.315,126,466,406,52,128,22,3,9,183,56,,,,,,,,5,7
1208,2022,8,소크라테스,KIA,0.311,127,554,514,83,160,29,7,17,254,77,,,,,,,,0,4
1209,2022,9,페르난데스,두산,0.309,139,550,508,52,157,28,0,6,203,77,,,,,,,,0,5
1210,2022,10,조용호,KT,0.308,131,531,474,52,146,18,4,3,181,44,,,,,,,,2,3
1211,2022,11,한동희,롯데,0.307,129,499,456,43,140,27,0,14,209,65,,,,,,,,0,4
1212,2022,12,전준우,롯데,0.304,120,517,470,73,143,31,1,11,209,68,,,,,,,,0,9
1213,2022,13,최지훈,SSG,0.304,144,640,569,93,173,32,4,10,243,61,,,,,,,,13,4
1214,2022,14,박성한,SSG,0.298,140,564,494,68,147,24,4,2,185,56,,,,,,,,6,2
1215,2022,15,마티니,NC,0.296,139,576,510,67,151,34,1,16,235,85,,,,,,,,0,7
1216,2022,16,채은성,LG,0.296,126,526,467,48,138,26,2,12,204,83,,,,,,,,0,11
1217,2022,17,박해민,LG,0.289,144,636,570,97,165,20,8,3,210,49,,,,,,,,7,6
1218,2022,18,허경민,두산,0.289,121,493,432,59,125,23,0,8,172,60,,,,,,,,2,7
1219,2022,19,터크먼,한화,0.289,144,648,575,88,166,37,4,12,247,43,,,,,,,,0,2
1220,2022,20,김선빈,KIA,0.287,140,587,505,51,145,23,0,3,177,61,,,,,,,,7,3
1221,2022,21,김현수,LG,0.286,141,604,524,78,150,25,2,23,248,106,,,,,,,,0,3
1222,2022,22,홍창기,LG,0.286,118,525,437,76,125,19,4,1,155,51,,,,,,,,5,5
1223,2022,23,안치홍,롯데,0.284,132,562,493,71,140,27,3,14,215,58,,,,,,,,8,5
1224,2022,24,양의지,NC,0.283,130,510,427,61,121,24,0,20,205,94,,,,,,,,0,10
1225,2022,25,노시환,한화,0.281,115,490,434,55,122,24,1,6,166,59,,,,,,,,0,4
1226,2022,26,노진혁,NC,0.28,115,451,396,50,111,24,0,15,180,75,,,,,,,,3,5
1227,2022,27,손아섭,NC,0.277,138,617,548,72,152,29,4,4,201,48,,,,,,,,1,6
1228,2022,28,푸이그,키움,0.277,126,547,473,65,131,30,0,21,224,73,,,,,,,,0,4
1229,2022,29,박병호,KT,0.275,124,487,429,72,118,17,0,35,240,98,,,,,,,,0,6
1230,2022,30,류지혁,KIA,0.274,127,477,405,55,111,19,2,2,140,48,,,,,,,,8,2
1231,2023,1,에레디아,SSG,0.335,56,237,215,30,72,13,0,6,103,41,,,,,,,,1,0
1232,2023,2,최형우,KIA,0.316,53,224,190,27,60,13,1,6,93,32,,,,,,,,0,1
1233,2023,3,손아섭,NC,0.314,55,246,223,28,70,18,2,1,95,33,,,,,,,,0,4
1234,2023,4,소크라테스,KIA,0.313,54,240,211,31,66,11,1,8,103,36,,,,,,,,0,4
1235,2023,5,서호철,NC,0.312,47,173,157,22,49,8,3,1,66,23,,,,,,,,2,3
1236,2023,6,김혜성,키움,0.311,60,264,235,42,73,13,2,3,99,24,,,,,,,,0,3
1237,2023,7,오스틴,LG,0.31,59,255,232,38,72,16,1,7,111,41,,,,,,,,0,3
1238,2023,8,문성주,LG,0.31,56,237,200,31,62,8,1,1,75,15,,,,,,,,0,2
1239,2023,9,노시환,한화,0.308,58,258,227,36,70,14,0,9,111,34,,,,,,,,0,1
1240,2023,10,양의지,두산,0.308,53,205,172,21,53,10,0,6,81,30,,,,,,,,0,3
1241,2023,11,알포드,KT,0.307,46,187,166,24,51,9,0,5,75,20,,,,,,,,0,0
1242,2023,12,류지혁,KIA,0.307,52,200,176,25,54,5,1,0,61,15,,,,,,,,0,1
1243,2023,13,박민우,NC,0.304,44,183,161,24,49,7,1,1,61,17,,,,,,,,1,1
1244,2023,14,홍창기,LG,0.303,59,271,221,37,67,14,1,0,83,18,,,,,,,,2,1
1245,2023,15,강민호,삼성,0.302,52,214,192,26,58,7,0,8,89,33,,,,,,,,0,2
1246,2023,16,이정후,키움,0.299,59,271,234,35,70,18,1,6,108,34,,,,,,,,0,2
1247,2023,17,김지찬,삼성,0.299,47,195,164,36,49,2,1,1,56,6,,,,,,,,2,0
1248,2023,18,김선빈,KIA,0.298,50,195,171,16,51,9,0,0,60,18,,,,,,,,2,0
1249,2023,19,최정,SSG,0.298,56,245,208,51,62,10,0,12,108,38,,,,,,,,1,5
1250,2023,19,러셀,키움,0.298,56,227,208,20,62,11,1,4,87,41,,,,,,,,0,1
1251,2023,21,김상수,KT,0.295,54,212,183,22,54,11,0,0,65,22,,,,,,,,3,1
1252,2023,21,구자욱,삼성,0.295,49,214,183,28,54,18,1,3,83,27,,,,,,,,1,3
1253,2023,23,박동원,LG,0.294,57,222,187,29,55,10,0,14,107,45,,,,,,,,1,5
1254,2023,24,피렐라,삼성,0.294,56,251,235,30,69,9,0,7,99,32,,,,,,,,0,1
1255,2023,25,채은성,한화,0.294,56,245,218,32,64,9,0,9,100,38,,,,,,,,0,1
1256,2023,26,최지훈,SSG,0.292,46,212,195,30,57,10,2,1,74,15,,,,,,,,2,1
1257,2023,27,전준우,롯데,0.292,51,209,185,29,54,7,2,5,80,26,,,,,,,,0,4
1258,2023,28,문보경,LG,0.292,60,254,209,35,61,10,3,2,83,34,,,,,,,,8,3
1259,2023,29,양석환,두산,0.29,54,221,200,28,58,8,0,8,90,32,,,,,,,,0,7
1260,2023,30,안치홍,롯데,0.288,52,220,191,22,55,8,1,2,71,28,,,,,,,,4,2
