,int,int,str,str,float,int,int,int,int,int,int,int,float,int,float,int,int,int,int,int,int,int,float
0,,순위,선수명,팀명,ERA,G,CG,SHO,W,L,SV,HLD,WPCT,TBF,IP,H,HR,BB,HBP,SO,R,ER,WHIP
1,1982,1,박철순,OB,1.84,36,15,2,24,4,7,0,0.857,871,224.2,151,7,67,6,108,60,46,
2,1982,2,하기룡,MBC,2.3,43,7,4,13,10,9,0,0.565,781,191.2,160,10,53,13,108,68,49,
3,1982,3,권영호,삼성,2.37,32,6,3,15,5,2,0,0.75,711,178.2,139,18,52,7,72,57,47,
4,1982,4,황규봉,삼성,2.47,48,8,2,15,11,11,0,0.577,864,222.1,189,11,34,6,99,78,61,
5,1982,5,김성한,해태,2.79,26,3,1,10,5,1,0,0.667,438,106.1,88,6,45,6,49,44,33,
6,1982,6,성낙수,삼성,2.81,28,5,0,8,3,2,0,0.727,500,125,119,15,23,6,56,44,39,
7,1982,7,이선희,삼성,2.91,38,4,3,15,7,1,0,0.682,698,167,152,11,73,9,73,67,54,
8,1982,8,노상수,롯데,2.94,44,12,2,14,19,2,0,0.424,954,232.1,216,18,59,10,141,97,76,
9,1982,9,김용남,해태,3.09,33,8,1,9,12,0,0,0.429,740,175,177,12,42,9,85,83,60,
10,1982,10,유종겸,MBC,3.25,32,3,1,6,5,3,0,0.545,476,113.2,95,11,53,1,86,48,41,
11,1982,11,선우대영,OB,3.39,27,6,1,7,6,0,0,0.538,566,138,139,8,31,4,65,64,52,
12,1982,12,이길환,MBC,3.61,27,5,2,7,7,0,0,0.5,493,117.1,114,8,34,9,54,59,47,
13,1982,13,이광권,MBC,3.72,31,2,1,7,4,2,0,0.636,489,116,105,8,46,11,57,62,48,
14,1982,14,천창호,롯데,3.83,37,8,1,7,13,0,0,0.35,724,173.2,173,18,52,7,92,85,74,
15,1982,15,방수원,해태,3.85,34,2,0,6,7,1,0,0.462,664,154.1,164,10,48,8,63,84,66,
16,1982,16,황태환,OB,3.86,27,2,0,6,5,3,0,0.545,365,86.1,76,12,37,11,42,43,37,
17,1982,17,이상윤,해태,3.88,23,5,0,7,5,0,0,0.583,442,102,87,8,63,1,58,51,44,
18,1982,18,김문희,롯데,4.12,24,4,1,4,8,0,0,0.333,411,91.2,113,10,31,4,18,55,42,
19,1982,19,박상열,OB,4.22,25,3,0,10,5,0,0,0.667,480,111,120,7,34,9,35,70,52,
20,1982,20,강만식,해태,4.44,29,6,0,5,11,1,0,0.313,642,144,152,11,69,10,86,93,71,
21,1982,21,정순명,MBC,4.47,25,1,0,7,5,1,0,0.583,416,92.2,105,9,38,8,47,62,46,
22,1982,22,오문현,삼미,4.85,22,1,0,2,10,0,0,0.167,459,102,115,11,34,14,22,69,55,
23,1982,23,계형철,OB,4.88,21,3,1,4,4,0,0,0.5,416,90.1,73,6,76,2,43,59,49,
24,1982,24,이진우,롯데,5.27,22,1,0,5,2,1,0,0.714,373,82,90,10,51,5,49,56,48,
25,1982,25,김재현,삼미,6.13,47,2,0,6,19,1,0,0.24,890,192.1,268,18,63,7,62,154,131,
26,1982,26,감사용,삼미,6.46,41,1,0,1,14,1,0,0.067,615,133.2,179,25,46,2,23,106,96,
27,1982,27,인호봉,삼미,6.56,38,3,0,5,10,2,0,0.333,636,133,149,19,96,19,41,129,97,
28,1982,28,김동철,삼미,7.06,32,0,0,1,9,1,0,0.1,441,93,125,15,52,6,19,84,73,
29,1983,1,하기룡,MBC,2.34,36,6,2,10,11,4,0,0.476,696,173.1,137,4,48,8,73,57,45,
30,1983,2,장명부,삼미,2.36,60,36,6,30,16,6,0,0.652,1712,427.1,388,19,106,16,220,138,112,
31,1983,3,유종겸,MBC,2.4,34,4,0,8,7,5,0,0.533,560,139,103,8,50,5,74,45,37,
32,1983,4,박상열,OB,2.49,30,7,1,10,9,0,0,0.526,716,173.1,162,11,44,14,68,57,48,
33,1983,5,이길환,MBC,2.51,33,10,4,15,7,4,0,0.682,845,208.1,184,8,56,11,85,68,58,
34,1983,6,이광권,MBC,2.51,22,3,0,7,5,0,0,0.583,411,100.1,96,7,31,4,35,37,28,
35,1983,7,김시진,삼성,2.55,37,17,5,17,12,1,0,0.586,950,229.1,189,8,95,14,154,78,65,
36,1983,8,황태환,OB,2.65,39,0,0,6,6,14,0,0.5,449,105.1,105,11,40,5,60,46,31,
37,1983,9,이상윤,해태,2.67,46,14,3,20,10,6,0,0.667,944,229.1,181,10,95,4,178,83,68,
38,1983,10,김용남,해태,2.83,36,6,3,13,10,1,0,0.565,731,181.1,171,12,30,5,80,67,57,
39,1983,11,최동원,롯데,2.89,38,16,1,9,16,4,0,0.36,863,208.2,202,17,51,8,148,89,67,
40,1983,12,오영일,MBC,2.91,36,7,0,10,9,4,0,0.526,704,173,147,8,59,8,69,62,56,
41,1983,13,임호균,삼미,3.03,35,15,1,12,15,2,0,0.444,954,234.2,231,16,52,6,86,94,79,
42,1983,14,주동식,해태,3.14,30,3,2,7,7,3,0,0.5,599,143.1,133,14,38,9,56,60,50,
43,1983,15,배경환,롯데,3.18,37,4,2,7,4,0,0,0.636,637,150,159,9,32,5,62,72,53,
44,1983,16,권영호,삼성,3.2,32,5,0,6,10,7,0,0.375,556,135,113,7,48,6,49,58,48,
45,1983,17,양일환,삼성,3.22,32,4,0,9,7,1,0,0.563,738,176.1,155,12,63,11,62,82,63,
46,1983,18,계형철,OB,3.44,29,9,3,9,12,0,0,0.429,816,193.1,190,11,72,13,86,97,74,
47,1983,19,김문희,롯데,3.48,34,5,0,8,10,0,0,0.444,649,155.1,154,12,53,3,46,70,60,
48,1983,20,황규봉,삼성,3.67,30,5,1,6,4,3,0,0.6,548,130,136,10,36,10,45,66,53,
49,1983,21,이선희,삼성,3.76,29,3,1,5,13,0,0,0.278,548,127,122,17,59,7,57,66,53,
50,1983,22,노상수,롯데,4.14,42,4,1,8,11,3,0,0.421,733,169.2,179,17,52,12,69,94,78,
51,1983,23,장호연,OB,4.23,34,3,1,6,17,2,0,0.261,681,155.1,165,10,67,14,31,93,73,
52,1984,1,장호연,OB,1.58,31,0,0,5,3,1,0,0.625,407,102.1,77,3,35,4,47,34,18,
53,1984,2,계형철,OB,2.06,29,6,1,14,4,0,0,0.778,701,174.2,135,8,63,7,92,44,40,
54,1984,3,김일융,삼성,2.27,38,14,3,16,10,3,0,0.615,907,222,191,7,78,6,155,68,56,
55,1984,4,최동원,롯데,2.4,51,14,1,27,13,6,0,0.675,1132,284.2,228,18,68,14,223,91,76,
56,1984,5,김봉근,MBC,2.52,32,7,1,9,7,2,0,0.563,681,171.1,146,9,37,6,61,62,48,
57,1984,6,박상열,OB,2.57,30,1,0,12,7,0,0,0.632,532,133,108,8,49,10,47,42,38,
58,1984,7,하기룡,MBC,2.82,30,11,3,15,8,1,0,0.652,751,178.2,171,7,59,13,81,70,56,
59,1984,8,윤석환,OB,2.84,57,0,0,12,8,25,0,0.6,581,146,108,17,43,3,111,49,46,
60,1984,9,최일언,OB,2.84,37,1,0,9,6,3,0,0.6,695,167.2,145,6,65,8,86,60,53,
61,1984,10,이상윤,해태,2.85,40,8,1,10,13,8,0,0.435,876,211.2,186,14,73,10,128,75,67,
62,1984,11,임호균,롯데,2.95,27,9,0,10,9,0,0,0.526,692,161.2,151,9,80,3,44,64,53,
63,1984,12,김용남,해태,3.05,31,6,2,7,11,1,0,0.389,547,132.2,133,10,19,1,68,58,45,
64,1984,13,오영일,MBC,3.08,40,14,2,15,14,3,0,0.517,1004,239.2,239,16,79,13,93,92,82,
65,1984,14,김진욱,OB,3.13,25,5,1,6,11,2,0,0.353,508,118,107,5,58,10,43,53,41,
66,1984,15,김시진,삼성,3.18,39,11,2,19,11,2,0,0.633,910,215,178,14,112,13,154,94,76,
67,1984,16,황규봉,삼성,3.25,30,2,1,10,2,4,0,0.833,452,108,109,4,24,8,48,42,39,
68,1984,17,강만식,해태,3.26,28,3,0,11,4,0,0,0.733,540,129.2,124,14,36,7,60,58,47,
69,1984,18,권영호,삼성,3.28,29,2,0,6,8,2,0,0.429,574,137.1,124,8,57,4,52,53,50,
70,1984,19,장명부,삼미,3.3,45,15,2,13,20,7,0,0.394,1074,261.2,261,20,66,6,145,111,96,
71,1984,20,조도연,해태,3.34,35,2,0,4,6,2,0,0.4,547,129.1,122,11,44,3,63,61,48,
72,1984,21,배경환,롯데,3.48,35,2,0,6,5,2,0,0.545,516,121.2,135,10,28,5,59,57,47,
73,1984,22,박정후,삼미,3.5,31,2,0,5,11,0,0,0.313,586,139,129,9,70,11,60,58,54,
74,1984,23,유종겸,MBC,3.53,38,6,0,8,10,4,0,0.444,770,183.2,180,13,52,5,85,79,72,
75,1984,24,최계훈,삼미,3.54,34,4,0,8,8,9,0,0.5,589,137.1,132,9,55,6,99,67,54,
76,1984,25,황기선,해태,3.76,38,2,0,4,7,1,0,0.364,536,124.1,110,10,55,9,65,70,52,
77,1984,26,정성만,삼미,4.86,29,3,0,8,10,1,0,0.444,666,150,149,20,83,6,67,86,81,
78,1985,1,선동열,해태,1.7,25,1,0,7,4,8,0,0.636,424,111,74,2,20,3,103,30,21,
79,1985,2,최동원,롯데,1.92,42,14,4,20,9,8,0,0.69,865,225,170,7,41,8,161,60,48,
80,1985,3,김시진,삼성,2,47,10,2,25,5,10,0,0.833,1064,269.2,172,8,121,15,201,63,60,
81,1985,4,이선희,MBC,2.28,28,4,1,5,7,2,0,0.417,569,138,111,5,55,4,48,44,35,
82,1985,5,최일언,OB,2.43,38,2,0,10,14,3,0,0.417,610,144.2,119,4,75,5,88,57,39,
83,1985,6,김정행,롯데,2.73,19,5,2,7,5,0,0,0.583,482,115.1,103,6,54,4,55,42,35,
84,1985,7,박동수,롯데,2.73,32,7,2,9,10,0,0,0.474,695,168,158,11,36,17,84,69,51,
85,1985,8,계형철,OB,2.78,34,8,0,11,11,2,0,0.5,789,194,165,17,63,7,84,71,60,
86,1985,9,김일융,삼성,2.79,34,11,3,25,6,0,0,0.806,920,226,200,13,77,5,107,87,70,
87,1985,10,하기룡,MBC,2.92,26,4,0,5,10,2,0,0.333,468,111,103,3,53,4,31,46,36,
88,1985,11,유종겸,MBC,2.99,33,3,0,10,8,1,0,0.556,547,135.1,111,10,52,5,40,52,45,
89,1985,12,김진욱,OB,3.02,30,4,2,10,8,0,0,0.556,605,143,134,7,55,10,57,56,48,
90,1985,13,황규봉,삼성,3.04,34,4,0,14,7,4,0,0.667,679,165.2,158,12,38,4,54,66,56,
91,1985,14,정삼흠,MBC,3.13,41,7,3,9,12,5,0,0.429,801,192.2,169,13,72,12,100,72,67,
92,1985,15,임호균,롯데,3.23,27,3,1,10,10,0,0,0.5,617,145,136,8,77,0,43,63,52,
93,1985,16,강만식,해태,3.31,41,5,2,13,8,0,0,0.619,803,198.2,178,22,44,19,63,78,73,
94,1985,17,김봉근,MBC,3.34,21,4,0,2,7,0,0,0.222,461,113.1,110,16,27,5,37,47,42,
95,1985,18,윤석환,OB,3.34,41,1,0,5,1,6,0,0.833,453,110.1,114,13,30,5,44,48,41,
96,1985,19,문희수,해태,3.48,39,2,0,12,8,1,0,0.6,631,144.2,159,11,48,5,64,69,56,
97,1985,20,장호연,OB,3.5,29,5,0,7,4,1,0,0.636,531,128.2,110,9,63,4,46,61,50,
98,1985,21,권영호,삼성,3.5,54,0,0,6,6,26,0,0.5,746,174.2,170,14,68,3,82,75,68,
99,1985,22,오영일,MBC,3.53,28,3,0,8,8,1,0,0.5,555,127.1,132,6,47,7,43,56,50,
100,1985,23,최계훈,청보,3.56,20,9,1,6,6,0,0,0.5,505,118.2,106,13,55,6,54,51,47,
101,1985,24,정은배,청보,3.64,29,5,1,7,9,2,0,0.438,607,141,142,14,60,8,45,66,57,
102,1985,25,조도연,해태,3.71,36,1,0,4,6,2,0,0.4,522,123.2,131,10,35,5,46,56,51,
103,1985,26,김용남,해태,4.48,43,1,0,11,6,8,0,0.647,560,134.2,147,14,26,3,74,74,67,
104,1985,27,정성만,청보,5,37,11,1,7,14,3,0,0.333,767,172.2,207,19,64,7,56,103,96,
105,1985,28,장명부,청보,5.3,45,11,0,11,25,5,0,0.306,1117,246,303,22,100,12,128,175,145,
106,1986,1,선동열,해태,0.99,39,19,8,24,6,6,0,0.8,972,262.2,153,2,52,7,214,38,29,
107,1986,2,최동원,롯데,1.55,39,17,4,19,14,2,0,0.576,1039,267,204,7,55,6,208,60,46,
108,1986,3,최일언,OB,1.58,33,13,6,19,4,2,0,0.826,881,221.2,140,2,101,6,101,49,39,
109,1986,4,김용수,MBC,1.67,60,0,0,9,9,26,0,0.5,694,178,128,4,59,3,74,40,33,
110,1986,5,김건우,MBC,1.8,37,9,2,18,6,0,0,0.75,891,229.2,170,6,62,9,102,62,46,
111,1986,6,장호연,OB,1.9,31,10,4,13,9,3,0,0.591,659,165.2,136,7,45,6,44,46,35,
112,1986,7,박노준,OB,2.28,33,1,0,5,6,7,0,0.455,442,110.1,91,4,36,2,61,34,28,
113,1986,8,성준,삼성,2.36,29,6,1,15,5,2,0,0.75,607,149,135,9,40,3,60,48,39,
114,1986,9,김시진,삼성,2.47,30,11,1,16,6,3,0,0.727,822,196.2,161,6,110,6,87,68,54,
115,1986,10,김일융,삼성,2.53,19,7,2,13,4,0,0,0.765,573,138.2,120,8,45,2,60,47,39,
116,1986,11,박동수,롯데,2.54,30,5,0,8,7,3,0,0.533,613,148.2,133,2,31,13,68,53,42,
117,1986,12,이상군,빙그레,2.63,35,19,4,12,17,1,0,0.414,972,243.1,216,17,43,11,104,88,71,
118,1986,13,김정수,해태,2.65,41,2,0,9,6,5,0,0.6,547,125.2,93,5,89,4,92,53,37,
119,1986,14,권영호,삼성,2.77,38,3,1,7,7,19,0,0.5,593,146.1,120,12,53,2,74,47,45,
120,1986,15,차동철,해태,2.82,33,3,2,10,4,3,0,0.714,535,131,134,4,24,5,35,46,41,
121,1986,16,진동한,삼성,2.88,24,2,0,9,4,4,0,0.692,457,109.1,99,8,41,3,37,42,35,
122,1986,17,김정행,롯데,2.9,20,6,2,7,7,0,0,0.5,499,118,94,5,61,7,51,40,38,
123,1986,18,이상윤,해태,2.97,21,3,1,10,5,0,0,0.667,478,115,91,7,51,3,48,45,38,
124,1986,19,오영일,MBC,3,33,0,0,12,8,0,0,0.6,569,132,136,9,55,4,43,54,44,
125,1986,20,유종겸,MBC,3.03,41,1,1,10,7,0,0,0.588,599,145.2,131,8,49,5,84,61,49,
126,1986,21,한희민,빙그레,3.13,29,12,3,9,13,0,0,0.409,700,175.1,136,18,49,10,123,67,61,
127,1986,22,계형철,OB,3.16,22,3,1,5,7,0,0,0.417,452,111,94,8,50,2,47,48,39,
128,1986,23,김기태,청보,3.18,42,6,1,9,14,5,0,0.391,746,175.1,158,12,66,17,109,73,62,
129,1986,24,김신부,청보,3.21,40,10,3,10,10,0,0,0.5,965,233,220,12,57,21,89,93,83,
130,1986,25,손문곤,빙그레,3.38,28,3,1,2,5,0,0,0.286,495,117,118,6,47,3,36,51,44,
131,1986,26,최계훈,청보,3.67,32,7,1,6,14,2,0,0.3,688,159.1,164,12,67,5,62,79,65,
132,1986,27,장명부,빙그레,4.98,22,3,0,1,18,0,0,0.053,493,108.1,130,12,41,9,48,71,60,
133,1987,1,선동열,해태,0.89,31,7,4,14,2,6,0,0.875,604,162,89,2,47,3,144,21,16,
134,1987,2,김용수,MBC,1.98,52,0,0,9,5,24,0,0.643,560,141,112,6,36,4,71,34,31,
135,1987,3,문희수,해태,2.14,22,4,1,7,7,2,0,0.5,429,109.1,89,5,27,4,37,34,26,
136,1987,4,한희민,빙그레,2.36,30,14,3,13,8,4,0,0.619,798,206,156,7,44,4,116,64,54,
137,1987,5,이상군,빙그레,2.55,33,24,3,18,11,2,0,0.621,1006,246.2,233,13,52,10,85,83,70,
138,1987,6,최일언,OB,2.56,24,9,2,14,8,1,0,0.636,639,154.2,129,4,70,6,70,52,44,
139,1987,7,윤학길,롯데,2.57,31,13,2,13,10,1,0,0.565,815,200,191,4,62,3,84,66,57,
140,1987,8,김진욱,OB,2.57,32,7,2,4,7,6,0,0.364,601,150.1,120,3,58,3,82,49,43,
141,1987,9,계형철,OB,2.61,25,5,0,8,12,0,0,0.4,633,148.1,122,3,74,6,53,59,43,
142,1987,10,김건우,MBC,2.64,26,6,1,12,7,0,0,0.632,686,163.1,170,5,51,3,56,54,48,
143,1987,11,김대현,해태,2.78,31,3,0,9,5,3,0,0.643,580,142.1,121,12,53,4,51,48,44,
144,1987,12,진동한,삼성,2.81,28,2,0,12,6,2,0,0.667,596,144,144,8,49,7,34,56,45,
145,1987,12,최동원,롯데,2.81,32,15,4,14,12,2,0,0.538,920,224,218,6,61,7,163,80,70,
146,1987,14,장호연,OB,2.82,32,13,2,15,8,6,0,0.652,784,188.1,170,1,74,10,73,67,59,
147,1987,15,정삼흠,MBC,2.86,33,8,3,6,13,2,0,0.316,804,195.1,171,10,73,7,85,68,62,
148,1987,16,신동수,해태,3.03,31,2,1,5,4,0,0,0.556,524,127.2,112,10,53,3,67,48,43,
149,1987,17,양상문,청보,3.1,36,13,3,12,13,0,0,0.48,863,209.1,188,18,66,5,84,87,72,
150,1987,18,김시진,삼성,3.12,33,7,3,23,6,0,0,0.793,818,193.1,166,9,96,7,113,73,67,
151,1987,19,차동철,해태,3.16,35,7,2,9,11,0,0,0.45,653,159.2,157,8,39,5,49,65,56,
152,1987,20,성준,삼성,3.55,21,4,2,4,7,1,0,0.364,459,109,111,11,47,1,32,44,43,
153,1987,21,임호균,청보,3.78,27,11,1,9,10,0,0,0.474,748,173.2,185,8,80,6,38,80,73,
154,1987,22,김신부,청보,4.04,27,4,1,6,11,1,0,0.353,500,113.2,132,4,32,13,33,54,51,
155,1987,23,박동수,롯데,4.24,32,8,1,9,8,3,0,0.529,601,140,165,10,27,13,71,72,66,
156,1987,24,오영일,MBC,4.27,30,2,0,9,8,0,0,0.529,621,143.1,155,10,51,7,41,75,68,
157,1987,25,김봉근,청보,4.87,27,5,0,4,11,2,0,0.267,590,135,163,12,37,4,41,82,73,
158,1988,1,선동열,해태,1.21,31,9,1,16,5,10,0,0.762,674,178.1,116,3,35,7,200,29,24,
159,1988,2,윤석환,OB,2.08,40,0,0,13,3,14,0,0.813,439,108,96,6,38,2,53,28,25,
160,1988,3,최일언,OB,2.18,20,2,0,6,4,0,0,0.6,485,115.2,100,0,48,5,50,33,28,
161,1988,4,이상군,빙그레,2.4,38,3,1,10,3,16,0,0.769,530,135,120,7,22,3,47,38,36,
162,1988,5,김훈기,삼성,2.75,27,6,3,10,5,3,0,0.667,472,118,102,8,23,3,50,44,36,
163,1988,6,김성길,삼성,2.8,38,2,1,8,4,6,0,0.667,615,151.1,150,10,31,5,62,51,47,
164,1988,7,이용철,MBC,2.81,29,6,0,7,11,0,0,0.389,610,144.1,138,5,55,7,46,63,45,
165,1988,8,이상윤,해태,2.89,30,3,1,16,6,0,0,0.727,575,137,98,3,75,4,55,56,44,
166,1988,9,문희수,해태,3.02,26,4,1,8,7,3,0,0.533,458,110.1,101,9,33,1,55,45,37,
167,1988,10,김진욱,OB,3.1,29,5,2,11,8,2,0,0.579,559,139.1,116,6,45,8,73,52,48,
168,1988,11,한희민,빙그레,3.11,31,10,4,16,5,5,0,0.762,782,188,188,16,55,7,103,72,65,
169,1988,12,윤학길,롯데,3.15,35,17,3,18,10,3,0,0.643,967,234,241,9,53,5,123,89,82,
170,1988,13,성준,삼성,3.33,31,4,2,11,8,2,0,0.579,668,159.2,135,17,74,3,59,67,59,
171,1988,14,차동철,해태,3.34,32,5,3,10,6,1,0,0.625,607,145.2,156,11,21,10,45,68,54,
172,1988,15,오영일,MBC,3.48,28,8,0,7,11,2,0,0.389,760,176,208,9,50,5,64,83,68,
173,1988,16,김시진,삼성,3.49,25,5,1,11,9,0,0,0.55,602,144.1,107,10,70,7,67,62,56,
174,1988,17,이길환,MBC,3.53,24,3,1,10,4,0,0,0.714,517,122.1,131,11,32,5,28,61,48,
175,1988,18,박동수,롯데,3.62,31,0,0,7,8,2,0,0.467,490,114.1,131,6,27,7,59,59,46,
176,1988,19,계형철,OB,3.75,33,2,0,10,12,2,0,0.455,558,129.2,121,7,62,2,48,59,54,
177,1988,20,한오종,OB,3.81,26,2,1,4,4,0,0,0.5,496,115.2,108,9,57,3,60,54,49,
178,1988,21,양상문,태평양,3.83,38,8,1,9,12,3,0,0.429,722,169.1,185,12,54,2,68,89,72,
179,1988,22,김대중,빙그레,3.86,23,4,1,7,7,1,0,0.5,508,119,131,9,34,13,36,54,51,
180,1988,23,김신부,태평양,3.87,29,2,1,9,8,1,0,0.529,526,123.1,126,8,29,16,38,63,53,
181,1988,24,조병천,태평양,3.94,28,4,0,2,10,1,0,0.167,546,128,134,6,44,1,40,59,56,
182,1988,25,장호연,OB,3.95,36,3,1,8,12,1,0,0.4,629,146,163,12,44,6,46,76,64,
183,1988,26,신완근,태평양,3.95,37,1,0,2,9,3,0,0.182,585,139,141,8,44,3,73,71,61,
184,1988,27,김용남,빙그레,4.11,27,1,0,8,6,1,0,0.571,525,122.2,150,9,25,2,41,67,56,
185,1988,28,유종겸,MBC,4.13,23,6,1,4,7,1,0,0.364,484,109,102,7,65,3,45,58,50,
186,1988,29,김홍명,빙그레,4.27,24,7,1,8,13,0,0,0.381,656,151.2,158,8,72,4,61,75,72,
187,1988,30,김대현,해태,4.54,31,3,0,7,6,2,0,0.538,585,136.2,136,15,44,8,47,72,69,
188,1989,1,선동열,해태,1.17,36,8,6,21,3,8,0,0.875,618,169,82,2,48,7,198,27,22,
189,1989,2,박정현,태평양,2.15,38,17,4,19,10,2,0,0.655,970,242.2,183,5,86,9,116,64,58,
190,1989,3,최창호,태평양,2.22,38,11,1,10,14,2,0,0.417,916,223.1,169,6,114,3,191,65,55,
191,1989,4,정명원,태평양,2.45,38,2,1,11,4,6,0,0.733,571,139.1,126,4,46,3,68,60,38,
192,1989,5,한희민,빙그레,2.5,30,8,3,16,4,6,0,0.8,701,176.2,130,16,55,6,74,52,49,
193,1989,6,이상군,빙그레,2.57,27,7,1,16,5,3,0,0.762,577,140.1,138,9,36,2,74,45,40,
194,1989,7,윤학길,롯데,2.7,38,18,3,16,11,2,0,0.593,1013,250,221,12,68,5,141,92,75,
195,1989,8,김성길,삼성,2.81,34,12,4,14,11,2,0,0.56,956,233.2,219,15,63,8,98,77,73,
196,1989,9,송진우,빙그레,2.81,35,5,2,9,10,9,0,0.474,659,156.2,116,7,88,5,97,57,49,
197,1989,10,조계현,해태,2.84,31,7,0,7,9,4,0,0.438,730,174,153,3,68,5,97,64,55,
198,1989,11,이강철,해태,3.23,36,8,3,15,8,5,0,0.652,801,195.1,153,13,76,9,138,74,70,
199,1989,12,양상문,태평양,3.28,35,5,0,8,11,4,0,0.421,649,161.2,130,12,71,6,91,60,59,
200,1989,13,김진욱,OB,3.35,33,8,4,11,9,3,0,0.55,649,158.1,130,7,59,12,95,63,59,
201,1989,14,김청수,롯데,3.38,38,10,2,7,15,5,0,0.318,853,210.1,189,12,54,4,114,82,79,
202,1989,15,신동수,해태,3.41,33,3,2,9,5,1,0,0.643,625,153,135,17,31,3,92,65,58,
203,1989,16,장호연,OB,3.47,30,3,1,9,12,0,0,0.429,709,171,143,8,77,3,72,72,66,
204,1989,17,유명선,삼성,3.85,34,8,2,14,8,1,0,0.636,727,170.2,152,6,87,6,102,83,73,
205,1989,18,문희수,해태,3.93,26,2,1,6,10,1,0,0.375,530,121.1,110,7,65,2,59,60,53,
206,1989,19,김홍명,빙그레,4.01,23,5,0,6,8,0,0,0.429,552,125.2,119,7,63,6,78,65,56,
207,1989,20,최일언,OB,4.29,28,3,1,7,12,2,0,0.368,591,136.1,132,4,81,2,62,75,65,
208,1989,21,이국성,MBC,4.51,42,1,0,4,10,2,0,0.286,542,121.2,124,5,60,7,71,68,61,
209,1989,22,이용철,MBC,5.44,29,1,0,7,7,0,0,0.5,544,120.2,151,12,41,9,35,82,73,
210,1990,1,선동열,해태,1.13,35,8,6,22,6,4,0,0.786,724,190.1,121,1,50,8,189,35,24,
211,1990,2,송진우,빙그레,1.82,50,0,0,11,7,27,0,0.611,503,128.1,80,2,54,0,102,29,26,
212,1990,3,김용수,LG,2.04,33,2,0,12,5,5,0,0.706,594,149.2,122,4,38,3,119,40,34,
213,1990,4,김태원,LG,2.51,33,6,3,18,5,1,0,0.783,786,193.1,152,8,61,7,127,65,54,
214,1990,5,한용덕,빙그레,2.53,38,3,1,13,9,3,0,0.591,706,171,147,10,58,7,100,59,48,
215,1990,6,박정현,태평양,2.63,35,9,2,13,7,7,0,0.65,782,191.2,177,7,55,8,66,66,56,
216,1990,7,정삼흠,LG,2.78,55,1,0,8,9,23,0,0.471,684,168.1,133,4,57,9,86,58,52,
217,1990,8,김상엽,삼성,2.81,44,3,0,12,6,18,0,0.667,661,160.1,114,12,79,11,110,60,50,
218,1990,9,박동희,롯데,3.04,31,3,1,10,7,7,0,0.588,629,145,101,3,114,3,146,55,49,
219,1990,10,이강철,해태,3.14,44,10,1,16,10,5,0,0.615,894,220.2,163,24,84,9,165,84,77,
220,1990,11,최창호,태평양,3.2,40,5,1,9,9,5,0,0.5,824,196.2,162,13,93,1,158,86,70,
221,1990,12,양상문,태평양,3.22,34,6,4,11,9,1,0,0.55,673,162.1,151,10,55,2,68,72,58,
222,1990,13,조계현,해태,3.28,30,10,5,14,13,0,0,0.519,746,178.1,144,8,78,3,130,73,65,
223,1990,14,구동우,OB,3.43,36,7,2,9,9,2,0,0.5,647,155,158,9,49,8,56,64,59,
224,1990,15,문병권,LG,3.72,27,6,1,10,5,0,0,0.667,572,138,142,5,36,12,45,60,57,
225,1990,16,김대중,빙그레,3.76,35,1,0,10,9,2,0,0.526,610,146,129,12,51,13,68,77,61,
226,1990,17,김성길,삼성,3.79,33,6,2,13,6,3,0,0.684,700,166.1,168,21,53,8,51,78,70,
227,1990,18,김청수,롯데,3.82,38,6,1,11,12,2,0,0.478,596,146,137,14,25,9,53,69,62,
228,1990,19,정윤수,삼성,3.91,41,0,0,7,5,5,0,0.583,572,129,137,10,70,6,71,70,56,
229,1990,20,김시진,롯데,4.04,26,4,2,7,10,0,0,0.412,631,151.1,136,9,57,12,67,75,68,
230,1990,21,윤학길,롯데,4.07,26,5,2,3,12,0,0,0.2,615,143.2,157,10,42,2,64,78,65,
231,1990,22,신동수,해태,4.09,42,3,1,5,8,3,0,0.385,602,143,140,15,47,2,56,71,65,
232,1990,23,한희민,빙그레,4.13,36,2,0,12,9,5,0,0.571,674,157,154,22,53,5,63,85,72,
233,1990,24,김동현,OB,4.52,40,2,0,7,7,3,0,0.5,544,125.1,118,19,53,10,61,67,63,
234,1990,25,유명선,삼성,4.53,25,6,0,9,8,1,0,0.529,643,147,137,16,90,3,78,80,74,
235,1991,1,선동열,해태,1.55,35,12,3,19,4,6,0,0.826,761,203,135,8,25,8,210,42,35,
236,1991,2,조규제,쌍방울,1.64,49,0,0,9,7,27,0,0.563,545,142.1,70,5,58,3,133,30,26,
237,1991,3,한용덕,빙그레,2.23,31,12,4,17,6,2,0,0.739,799,201.2,164,10,47,9,123,59,50,
238,1991,4,정명원,태평양,2.32,49,1,1,12,6,14,0,0.667,521,132,103,3,36,4,60,41,34,
239,1991,5,신동수,해태,2.45,45,5,2,14,7,5,0,0.667,692,176.2,157,14,31,0,85,54,48,
240,1991,6,박동희,롯데,2.47,30,10,1,14,9,3,0,0.609,768,189.2,132,4,96,8,152,65,52,
241,1991,7,송진우,빙그레,2.78,36,11,1,11,10,11,0,0.524,747,184.1,143,13,65,7,126,67,57,
242,1991,8,김용수,LG,2.79,41,8,1,12,11,10,0,0.522,788,190,172,5,62,8,129,71,59,
243,1991,9,최창호,태평양,2.93,45,9,1,15,11,3,0,0.577,954,233.1,196,20,89,3,163,82,76,
244,1991,10,김인권,빙그레,2.95,34,3,0,8,3,3,0,0.727,627,143.1,139,8,62,19,44,60,47,
245,1991,11,김기범,LG,2.95,36,4,2,12,9,3,0,0.571,696,164.2,155,8,62,5,104,65,54,
246,1991,12,장정순,빙그레,2.95,32,3,0,10,7,3,0,0.588,520,128,98,8,56,3,76,55,42,
247,1991,13,송유석,해태,2.97,37,2,0,11,4,5,0,0.733,597,145.2,126,8,62,8,74,55,48,
248,1991,14,성준,삼성,2.97,28,2,1,8,4,1,0,0.667,635,148.2,141,9,54,2,59,61,49,
249,1991,15,유명선,삼성,3.18,27,3,1,11,4,4,0,0.733,533,127.1,97,14,74,3,84,49,45,
250,1991,16,이강철,해태,3.19,36,11,2,15,11,3,0,0.577,849,214.2,158,20,54,15,193,87,76,
251,1991,17,조계현,해태,3.25,21,1,0,9,9,0,0,0.5,529,130.1,100,6,46,8,75,50,47,
252,1991,18,윤학길,롯데,3.25,34,11,3,17,12,0,0,0.586,828,205,182,8,60,2,99,80,74,
253,1991,19,김태형,롯데,3.26,30,6,0,11,7,3,0,0.611,584,140.2,124,5,50,4,81,52,51,
254,1991,20,김성길,삼성,3.3,52,3,0,16,12,18,0,0.571,760,188,164,18,59,5,94,71,69,
255,1991,21,박정현,태평양,3.47,30,13,1,10,12,2,0,0.455,781,184,190,11,66,6,47,82,71,
256,1991,22,김동현,OB,3.67,37,5,2,10,10,3,0,0.5,640,154.2,142,9,43,7,61,72,63,
257,1991,23,김상진,OB,3.74,32,3,1,10,6,1,0,0.625,632,151.2,136,10,66,6,65,74,63,
258,1991,24,김청수,롯데,3.83,28,6,0,10,10,1,0,0.5,677,166.2,145,20,47,12,83,74,71,
259,1991,25,박은진,태평양,4,32,5,2,6,7,0,0,0.462,552,128.1,120,9,61,3,74,65,57,
260,1991,26,정삼흠,LG,4.18,39,4,0,12,15,8,0,0.444,763,180.2,176,17,50,9,114,93,84,
261,1991,27,김진규,OB,4.27,39,3,0,5,11,2,0,0.313,634,147.2,133,13,75,7,78,73,70,
262,1991,28,강길용,쌍방울,4.5,34,5,0,8,13,1,0,0.381,747,168,164,16,94,15,73,95,84,
263,1991,29,박성기,쌍방울,4.51,37,0,0,10,11,1,0,0.476,668,149.2,156,10,84,7,91,83,75,
264,1991,30,이태일,삼성,4.64,31,3,2,10,10,3,0,0.5,530,126,137,18,28,3,31,68,65,
265,1992,1,염종석,롯데,2.33,35,13,2,17,9,6,0,0.654,804,204.2,171,6,35,8,127,68,53,
266,1992,2,정민철,빙그레,2.48,33,11,3,14,4,7,0,0.778,785,195.2,141,15,68,3,145,61,54,
267,1992,3,박은진,태평양,2.71,46,5,0,10,7,14,0,0.588,724,172.2,155,7,65,4,114,56,52,
268,1992,4,이태일,삼성,2.86,27,5,2,13,7,1,0,0.65,625,154,140,7,43,4,52,60,49,
269,1992,5,조계현,해태,2.94,37,3,1,10,6,12,0,0.625,632,156,123,13,54,5,98,64,51,
270,1992,6,김기범,LG,2.98,28,7,1,8,6,3,0,0.571,603,145,130,6,50,3,92,57,48,
271,1992,7,한용덕,빙그레,2.99,29,9,2,9,11,3,0,0.45,750,186.1,144,16,52,13,122,69,62,
272,1992,8,장정순,빙그레,3.07,29,3,1,14,7,2,0,0.667,666,155.1,159,12,48,5,77,64,53,
273,1992,9,장호연,OB,3.12,35,17,1,16,12,2,0,0.571,939,225,225,18,59,12,90,95,78,
274,1992,10,김정수,해태,3.16,33,5,3,14,8,1,0,0.636,719,165.1,144,11,78,20,126,68,58,
275,1992,11,송진우,빙그레,3.25,48,4,1,19,8,17,0,0.704,815,191.1,157,17,97,4,130,79,69,
276,1992,12,김원형,쌍방울,3.32,22,7,1,8,7,1,0,0.533,578,138.1,125,13,54,6,104,60,51,
277,1992,13,김태원,LG,3.4,31,8,3,10,14,1,0,0.417,759,177.1,180,10,64,7,119,81,67,
278,1992,14,이강철,해태,3.44,33,12,2,18,9,0,0,0.667,899,217.1,179,29,71,16,156,88,83,
279,1992,15,오봉옥,삼성,3.55,38,2,1,13,0,2,0,1,556,126.2,114,7,74,4,64,58,50,
280,1992,16,김상진,OB,3.58,33,9,1,11,13,1,0,0.458,716,168.2,131,11,89,6,96,79,67,
281,1992,17,윤학길,롯데,3.61,30,14,2,17,5,2,0,0.773,873,212,204,16,58,3,131,87,85,
282,1992,18,박정현,태평양,3.69,33,8,0,13,7,6,0,0.65,705,165.2,154,12,72,12,85,75,68,
283,1992,19,정삼흠,LG,4.04,46,4,1,14,11,5,0,0.56,776,180.1,172,17,68,11,128,89,81,
284,1992,20,박성기,쌍방울,4.08,38,3,1,9,8,1,0,0.529,663,152.1,141,17,76,5,88,81,69,
285,1992,21,김상엽,삼성,4.19,41,5,1,8,12,15,0,0.4,602,144,125,9,71,4,103,71,67,
286,1992,22,김인철,삼성,4.2,28,1,0,8,7,1,0,0.533,581,128.2,98,10,104,8,88,73,60,
287,1992,23,안병원,태평양,4.26,25,6,1,10,8,2,0,0.556,545,126.2,124,12,52,8,88,68,60,
288,1992,24,신동수,해태,4.46,35,0,0,13,9,0,0,0.591,597,137.1,157,17,40,4,65,72,68,
289,1992,25,양상문,태평양,4.55,28,1,0,7,8,0,0,0.467,626,144.1,134,22,76,2,83,78,73,
290,1992,26,강길용,쌍방울,4.8,33,2,1,5,14,1,0,0.263,606,137,139,18,70,9,75,85,73,
291,1992,27,문희수,해태,5.08,33,3,0,10,8,1,0,0.556,644,145.1,145,12,56,12,73,91,82,
292,1993,1,선동열,해태,0.78,49,0,0,10,3,31,0,0.769,433,126.1,48,2,20,6,164,11,11,
293,1993,2,김경원,OB,1.11,48,0,0,9,3,23,0,0.75,500,129.1,77,3,50,7,126,17,16,
294,1993,3,성준,삼성,2.07,21,6,2,12,4,0,0,0.75,562,139,115,8,51,3,51,34,32,
295,1993,4,조계현,해태,2.15,28,10,4,17,6,1,0,0.739,760,196.1,141,8,51,7,118,54,47,
296,1993,5,정민철,빙그레,2.24,18,10,1,13,3,1,0,0.813,596,148.1,117,10,40,6,110,40,37,
297,1993,6,김태원,LG,2.42,25,4,1,8,8,0,0,0.5,567,141.1,100,6,44,11,84,43,38,
298,1993,7,윤형배,롯데,2.46,31,11,4,14,9,3,0,0.609,792,193.2,170,7,69,3,60,67,53,
299,1993,8,이상군,빙그레,2.52,29,5,1,7,7,3,0,0.5,530,128.1,115,5,42,7,51,41,36,
300,1993,9,박충식,삼성,2.54,32,7,2,14,7,2,0,0.667,619,155.2,122,10,40,11,97,51,44,
301,1993,10,장호연,OB,2.56,27,9,3,10,9,0,0,0.526,652,161.2,134,4,41,5,51,51,46,
302,1993,11,김상엽,삼성,2.58,36,6,3,13,6,8,0,0.684,750,181.1,150,8,76,6,170,64,52,
303,1993,12,김기범,LG,2.6,27,2,1,9,9,0,0,0.5,639,156,133,10,53,8,93,51,45,
304,1993,13,김정수,해태,2.75,30,0,0,10,8,1,0,0.556,539,127.2,102,11,50,20,96,47,39,
305,1993,14,김태한,삼성,2.83,31,5,3,14,6,2,0,0.7,661,162,133,7,71,4,91,55,51,
306,1993,15,김원형,쌍방울,2.93,26,6,3,11,9,0,0,0.55,572,135.1,115,9,60,10,87,50,44,
307,1993,16,한용덕,빙그레,2.98,27,12,3,10,11,5,0,0.476,687,172.1,143,13,26,10,112,61,57,
308,1993,17,정삼흠,LG,2.99,30,4,1,15,11,0,0,0.577,822,198.2,184,11,53,11,93,81,66,
309,1993,18,최창호,태평양,2.99,24,7,1,7,12,0,0,0.368,661,162.1,134,11,54,1,104,66,54,
310,1993,19,윤학길,롯데,3.01,28,12,4,12,12,0,0,0.5,836,203,212,8,42,5,92,68,68,
311,1993,20,권명철,OB,3.01,25,5,2,10,8,0,0,0.556,547,134.1,103,6,60,3,84,49,45,
312,1993,21,안병원,태평양,3.02,22,9,1,4,10,0,0,0.286,709,170,164,8,60,4,100,70,57,
313,1993,22,이강철,해태,3.04,31,2,1,10,10,1,0,0.5,638,154,113,9,65,13,131,60,52,
314,1993,23,김상진,OB,3.07,33,7,2,11,11,0,0,0.5,768,187.1,156,6,56,7,142,75,64,
315,1993,24,강병규,OB,3.09,29,5,1,10,9,0,0,0.526,570,139.2,124,4,36,8,70,52,48,
316,1993,25,김상현,롯데,3.2,28,8,0,12,9,4,0,0.571,667,163.1,152,8,47,2,77,60,58,
317,1993,26,가내영,태평양,3.36,25,5,0,7,6,3,0,0.538,521,128.2,111,9,34,3,57,51,48,
318,1993,27,염종석,롯데,3.41,33,7,2,10,10,7,0,0.5,656,158.1,171,6,31,5,89,68,60,
319,1993,28,진정필,빙그레,3.43,35,0,0,9,8,3,0,0.529,640,149.2,155,9,50,8,67,65,57,
320,1993,29,김석기,쌍방울,3.7,26,2,0,5,11,0,0,0.313,593,136.1,141,7,53,6,63,62,56,
321,1993,30,노승욱,태평양,3.76,28,3,0,3,10,0,0,0.231,531,127,126,8,36,11,56,56,53,
322,1994,1,정민철,한화,2.15,28,9,4,14,10,0,0,0.583,863,218,156,6,56,7,196,59,52,
323,1994,2,박충식,삼성,2.35,32,13,3,14,8,3,0,0.636,806,203.1,174,16,28,10,130,64,53,
324,1994,3,김상진,OB,2.37,34,9,2,14,10,7,0,0.583,785,194,170,4,47,5,148,64,51,
325,1994,4,김태원,LG,2.41,28,6,3,16,5,0,0,0.762,753,791,142,6,50,8,96,57,51,
326,1994,5,이상훈,LG,2.47,27,6,2,18,8,0,0,0.692,754,189.2,140,9,57,7,148,58,52,
327,1994,6,최상덕,태평양,2.51,36,2,1,13,9,1,0,0.591,635,158,123,9,59,4,90,45,44,
328,1994,7,조계현,해태,2.61,27,14,5,18,5,0,0,0.783,843,210,171,12,62,6,135,69,61,
329,1994,8,김태한,삼성,2.76,30,8,1,10,9,1,0,0.526,725,176.1,146,13,68,6,121,67,54,
330,1994,9,정삼흠,LG,2.95,27,9,2,15,8,0,0,0.652,758,186.1,173,18,41,13,76,72,61,
331,1994,10,주형광,롯데,3.04,28,4,1,11,5,1,0,0.688,760,186.2,147,15,60,6,142,75,63,
332,1994,11,김홍집,태평양,3.2,20,5,0,12,3,0,0,0.8,519,126.2,112,8,40,4,89,49,45,
333,1994,12,한용덕,한화,3.25,27,4,1,16,8,0,0,0.667,713,177.1,168,22,29,4,105,71,64,
334,1994,13,이태일,삼성,3.38,21,2,1,6,10,0,0,0.375,535,128,120,6,36,6,60,56,48,
335,1994,14,김정수,해태,3.38,28,3,0,9,10,0,0,0.474,588,141,120,9,46,12,126,63,53,
336,1994,15,안병원,태평양,3.4,25,2,1,11,10,0,0,0.524,619,145.2,148,9,47,6,66,55,55,
337,1994,16,성준,삼성,3.43,26,3,1,14,8,0,0,0.636,636,152.1,130,9,62,6,46,66,58,
338,1994,17,홍우태,OB,3.52,32,5,1,7,11,2,0,0.389,625,148.1,136,11,65,6,85,68,58,
339,1994,18,이강철,해태,3.64,33,5,1,12,15,1,0,0.444,811,185.2,150,19,105,17,140,86,75,
340,1994,19,정민태,태평양,3.72,25,5,0,8,9,0,0,0.471,619,145.1,159,7,38,2,91,66,60,
341,1994,20,송진우,한화,3.92,33,3,0,9,10,10,0,0.474,580,133,119,10,59,5,90,76,58,
342,1994,21,이상목,한화,4.01,37,1,0,5,8,5,0,0.385,540,128,127,14,31,3,77,60,57,
343,1994,22,최창호,태평양,4.09,27,3,1,12,11,1,0,0.522,631,147.1,141,6,59,5,84,74,67,
344,1994,23,이대진,해태,4.2,31,1,0,7,8,3,0,0.467,574,137,115,20,56,5,90,77,64,
345,1994,24,가득염,롯데,4.28,27,2,0,8,14,0,0,0.364,682,162,160,11,65,6,83,81,77,
346,1994,25,박성기,쌍방울,4.68,31,4,1,11,12,0,0,0.478,812,182.2,188,18,81,8,108,100,95,
347,1994,26,성영재,쌍방울,4.95,28,3,1,7,10,0,0,0.412,643,147.1,155,12,66,15,85,84,81,
348,1994,27,김원형,쌍방울,5.39,25,2,0,5,11,1,0,0.313,588,132,143,14,52,11,75,85,79,
349,1995,1,조계현,해태,1.71,19,4,0,9,6,0,0,0.6,490,126,97,2,37,6,59,28,24,
350,1995,2,이상훈,LG,2.01,30,12,3,20,5,0,0,0.8,867,228.1,150,12,48,3,142,61,51,
351,1995,3,김상진,OB,2.11,27,13,8,17,7,0,0,0.708,827,209,174,6,44,8,159,58,49,
352,1995,4,김상엽,삼성,2.3,27,9,2,17,7,0,0,0.708,772,191.2,140,12,63,12,132,53,49,
353,1995,5,권명철,OB,2.47,28,4,0,15,8,0,0,0.652,776,193.1,147,8,61,8,112,65,53,
354,1995,6,이대진,해태,2.57,24,7,2,14,6,0,0,0.7,673,168.1,131,14,43,8,163,56,48,
355,1995,7,김기범,LG,2.86,27,1,0,13,7,0,0,0.65,658,160.2,137,9,52,9,87,59,51,
356,1995,8,오봉옥,삼성,2.9,39,3,1,6,9,5,0,0.4,563,133.1,117,4,50,4,99,56,43,
357,1995,9,염종석,롯데,2.98,18,3,1,7,7,0,0,0.5,512,127,121,7,32,3,56,48,42,
358,1995,10,주형광,롯데,3.05,30,5,0,10,7,0,0,0.588,798,200.1,170,18,49,7,152,73,68,
359,1995,11,박충식,삼성,3.16,19,4,2,9,6,0,0,0.6,520,128,106,10,27,12,72,55,45,
360,1995,12,송진우,한화,3.2,26,7,1,13,8,0,0,0.619,781,183,165,11,75,4,121,78,65,
361,1995,13,정민철,한화,3.21,22,8,2,13,7,0,0,0.65,678,162.2,152,12,40,10,127,65,58,
362,1995,14,이강철,해태,3.24,29,4,2,10,10,1,0,0.5,635,150,127,15,53,18,126,60,54,
363,1995,15,윤학길,롯데,3.28,24,6,1,12,8,0,0,0.6,633,159.1,148,9,31,9,71,68,58,
364,1995,16,한용덕,한화,3.29,26,9,3,8,13,0,0,0.381,745,180.1,162,13,41,10,121,72,66,
365,1995,17,구대성,한화,3.54,47,6,0,4,14,18,0,0.222,660,155,127,18,72,11,161,77,61,
366,1995,18,위재영,태평양,3.6,36,4,1,13,10,4,0,0.565,651,157.2,142,9,48,3,113,70,63,
367,1995,19,정민태,태평양,3.69,28,8,3,8,14,0,0,0.364,796,188,187,8,58,4,115,92,77,
368,1995,20,이상목,한화,3.75,32,4,1,7,8,5,0,0.467,562,134.1,129,12,37,3,112,60,56,
369,1995,21,정삼흠,LG,3.81,26,3,0,8,9,0,0,0.471,692,163,154,17,50,22,82,79,69,
370,1995,22,김원형,쌍방울,3.95,25,4,2,9,8,0,0,0.529,627,143.2,145,14,58,13,69,82,63,
371,1995,23,성준,삼성,4.36,25,1,0,7,8,0,0,0.467,544,126,127,13,45,7,58,67,61,
372,1995,24,유현승,쌍방울,4.85,32,3,1,5,10,1,0,0.333,620,143,125,10,75,12,77,86,77,
373,1995,25,성영재,쌍방울,5.08,27,5,1,9,14,0,0,0.391,682,154,168,17,64,11,92,92,87,
374,1996,1,구대성,한화,1.88,55,1,0,18,3,24,0,0.857,521,139,79,7,27,6,183,32,29,
375,1996,2,조계현,해태,2.07,27,11,3,16,7,0,0,0.696,746,191.2,145,12,45,7,116,51,44,
376,1996,3,이대진,해태,2.37,31,4,2,16,8,3,0,0.667,624,159.2,114,13,40,5,146,48,42,
377,1996,4,성영재,쌍방울,2.37,24,5,3,10,5,0,0,0.667,591,148,122,10,38,11,92,43,39,
378,1996,5,정민태,현대,2.44,30,4,2,15,9,0,0,0.625,834,210.1,180,15,45,3,127,67,57,
379,1996,6,이강철,해태,2.46,28,5,2,10,9,1,0,0.526,611,153.2,114,11,47,13,119,43,42,
380,1996,7,위재영,현대,2.72,30,1,0,12,7,0,0,0.632,748,181.2,159,13,51,5,138,60,55,
381,1996,8,김용수,LG,2.82,48,2,1,16,7,9,0,0.696,546,130.2,123,6,36,3,92,55,41,
382,1996,9,김태석,롯데,2.95,37,4,1,8,4,0,0,0.667,521,128,123,5,28,12,52,47,42,
383,1996,10,정민철,한화,3.03,32,9,4,13,12,1,0,0.52,879,219.2,173,16,48,9,203,81,74,
384,1996,11,오봉옥,쌍방울,3.06,33,4,2,9,7,4,0,0.563,568,135.1,114,7,53,9,86,55,46,
385,1996,12,진필중,OB,3.11,32,5,2,13,10,4,0,0.565,774,191,186,4,42,5,69,72,66,
386,1996,13,송진우,한화,3.25,31,5,0,15,9,0,0,0.625,885,213,185,18,84,10,160,80,77,
387,1996,14,전준호,현대,3.33,34,1,0,6,6,1,0,0.5,585,138,128,8,53,7,78,59,51,
388,1996,15,주형광,롯데,3.36,30,10,1,18,7,1,0,0.72,871,216.2,196,20,38,9,221,86,81,
389,1996,16,가내영,현대,3.38,44,0,0,8,6,6,0,0.571,538,133.1,111,10,31,10,93,59,50,
390,1996,17,김태원,LG,3.79,26,3,0,9,12,0,0,0.429,647,156.2,140,17,47,7,86,72,66,
391,1996,18,박명환,OB,3.84,28,5,3,7,12,0,0,0.368,781,185.1,149,18,78,9,139,86,79,
392,1996,19,최창호,현대,3.85,36,1,1,8,9,0,0,0.471,586,140.1,117,14,61,5,97,65,60,
393,1996,20,최창양,삼성,3.86,24,5,1,6,10,0,0,0.375,554,126,104,4,74,7,82,63,54,
394,1996,21,박철홍,LG,3.91,43,0,0,3,9,2,0,0.25,554,131.1,137,8,28,18,61,65,57,
395,1996,22,이상목,한화,3.97,33,3,2,9,13,2,0,0.409,734,174.2,176,10,40,6,156,92,77,
396,1996,23,강상수,롯데,3.97,33,4,0,9,10,1,0,0.474,751,176.2,185,10,51,8,104,87,78,
397,1996,24,김원형,쌍방울,4.12,26,1,0,5,8,0,0,0.385,554,126.2,133,10,51,5,69,71,58,
398,1996,25,정삼흠,LG,4.29,25,0,0,8,8,0,0,0.5,594,136.1,139,11,52,16,76,69,65,
399,1996,26,최재호,삼성,4.84,35,1,1,9,5,5,0,0.643,568,126.1,125,9,76,10,66,73,68,
400,1997,1,김현욱,쌍방울,1.88,70,0,0,20,2,6,0,0.909,600,157.2,111,5,29,11,135,40,33,
401,1997,2,임창용,해태,2.33,64,0,0,14,8,26,0,0.636,526,135,93,6,36,6,120,44,35,
402,1997,3,박지철,롯데,2.45,40,3,0,14,5,7,0,0.737,623,157.2,118,8,61,6,96,45,43,
403,1997,4,정민철,한화,2.46,31,10,4,14,11,0,0,0.56,825,208.2,172,11,45,4,160,69,57,
404,1997,5,김원형,쌍방울,2.75,29,3,0,9,9,0,0,0.5,649,157,139,13,43,7,80,62,48,
405,1997,6,이강철,해태,2.99,30,5,2,11,3,2,0,0.786,667,162.2,130,14,60,15,128,63,54,
406,1997,7,이대진,해태,3.14,28,3,1,17,6,1,0,0.739,750,180.2,154,14,65,10,140,68,63,
407,1997,8,김상진,OB,3.3,24,2,1,12,9,0,0,0.571,560,136.1,122,8,47,4,108,59,50,
408,1997,9,정민태,현대,3.33,31,8,1,13,13,0,0,0.5,886,219,189,15,51,7,159,97,81,
409,1997,10,김상엽,삼성,3.35,25,0,0,12,6,0,0,0.667,621,150.2,128,12,62,11,82,59,56,
410,1997,11,임선동,LG,3.52,22,0,0,11,7,0,0,0.611,564,135.2,129,10,34,13,77,55,53,
411,1997,12,김상진,해태,3.6,30,1,0,9,10,1,0,0.474,622,147.2,135,11,54,17,91,60,59,
412,1997,13,이경필,OB,3.62,29,2,0,7,9,4,0,0.438,539,126.2,126,8,56,10,75,55,51,
413,1997,14,신재웅,한화,3.67,30,2,2,6,7,0,0,0.462,567,135,112,20,64,4,93,63,55,
414,1997,15,김용수,LG,3.7,28,2,0,12,8,0,0,0.6,733,177.2,163,16,43,8,121,82,73,
415,1997,16,진필중,OB,3.72,26,1,1,7,12,0,0,0.368,571,130.2,152,11,37,6,72,69,54,
416,1997,17,염종석,롯데,3.84,23,1,0,6,9,0,0,0.4,572,133.2,126,15,47,8,71,65,57,
417,1997,18,박명환,OB,3.96,26,2,0,8,12,0,0,0.4,665,154.2,138,8,75,7,126,74,68,
418,1997,19,이상목,한화,4.3,38,1,0,6,10,0,0,0.375,595,138,150,19,36,5,101,76,66,
419,1997,20,박충식,삼성,4.32,31,3,0,13,6,2,0,0.684,716,170.2,174,18,29,16,92,91,82,
420,1997,21,송진우,한화,4.6,27,5,1,6,12,0,0,0.333,636,146.2,156,17,49,12,73,85,75,
421,1997,22,전병호,삼성,4.93,35,3,1,10,8,0,0,0.556,590,131.1,138,14,65,10,76,81,72,
422,1997,23,노장진,한화,5.47,35,0,0,6,10,0,0,0.375,587,133.1,124,21,89,2,81,84,81,
423,1997,24,주형광,롯데,5.88,32,3,0,6,13,3,0,0.316,575,131.2,138,25,61,2,84,91,86,
424,1998,1,정명원,현대,1.86,28,5,3,14,8,0,0,0.636,742,184,141,7,60,5,123,59,38,
425,1998,2,임창용,해태,1.89,59,0,0,8,7,34,0,0.533,524,133.2,90,4,30,12,141,35,28,
426,1998,3,한용덕,한화,2.26,56,0,0,7,3,4,0,0.7,518,131.2,104,9,29,9,96,38,33,
427,1998,4,진필중,OB,2.33,61,1,1,8,6,19,0,0.571,638,158.1,135,7,42,5,100,44,41,
428,1998,5,김원형,쌍방울,2.52,51,0,0,12,7,13,0,0.632,611,150,130,10,42,6,109,54,42,
429,1998,6,김수경,현대,2.76,32,0,0,12,4,2,0,0.75,655,160,112,6,68,5,168,56,49,
430,1998,7,정민태,현대,2.83,28,5,2,17,9,0,0,0.654,825,200.2,184,18,49,2,159,77,63,
431,1998,8,최원호,현대,3.04,39,1,1,10,5,1,0,0.667,633,151,118,16,77,5,112,53,51,
432,1998,9,이강철,해태,3.11,31,3,2,15,11,0,0,0.577,754,179.1,165,18,47,18,160,70,62,
433,1998,10,이경필,OB,3.12,27,2,2,10,9,0,0,0.526,608,150,137,8,42,6,94,65,52,
434,1998,11,정민철,한화,3.16,23,1,0,10,7,0,0,0.588,607,148.1,133,12,35,2,97,55,52,
435,1998,12,문동환,롯데,3.16,31,5,3,12,5,6,0,0.706,551,136.2,121,7,39,1,86,50,48,
436,1998,13,박명환,OB,3.22,31,5,1,14,11,0,0,0.56,809,187,159,8,112,8,181,75,67,
437,1998,14,위재영,현대,3.23,26,0,0,13,8,0,0,0.619,690,164.1,143,20,68,1,122,71,59,
438,1998,15,이대진,해태,3.26,28,2,1,12,11,0,0,0.522,755,179.1,173,17,55,9,183,71,65,
439,1998,16,김현욱,쌍방울,3.34,68,0,0,13,7,4,0,0.65,525,129.1,114,13,34,11,93,50,48,
440,1998,17,박충식,삼성,3.45,24,4,0,11,10,0,0,0.524,660,159.1,163,14,25,15,100,68,61,
441,1998,18,김용수,LG,3.45,32,1,0,18,6,2,0,0.75,742,175,176,11,45,7,116,74,67,
442,1998,19,성영재,쌍방울,3.51,36,3,1,7,9,1,0,0.438,601,141,145,15,34,14,76,67,55,
443,1998,20,김기덕,쌍방울,3.52,44,1,0,12,11,3,0,0.522,576,138,142,12,27,8,89,63,54,
444,1998,21,강병규,OB,3.63,34,2,0,5,10,1,0,0.333,573,134,143,10,40,6,74,57,54,
445,1998,22,주형광,롯데,3.63,31,6,1,11,7,1,0,0.611,751,183.1,179,17,43,7,148,90,74,
446,1998,23,최향남,LG,3.63,28,2,1,12,12,0,0,0.5,721,173.1,144,14,50,10,111,80,70,
447,1998,24,손혁,LG,3.7,28,0,0,11,8,0,0,0.579,595,143.1,136,17,40,10,88,66,59,
448,1998,25,김상진,OB,3.81,27,3,2,8,8,0,0,0.5,612,141.2,149,13,40,11,97,71,60,
449,1998,26,염종석,롯데,3.9,27,4,0,7,15,0,0,0.318,690,163.2,152,8,50,11,108,78,71,
450,1998,27,베이커,삼성,4.13,26,4,0,15,7,0,0,0.682,740,172,172,15,78,3,87,82,79,
451,1998,28,김태석,롯데,4.63,40,3,0,9,13,0,0,0.409,597,138,149,17,34,10,62,82,71,
452,1998,29,이상목,한화,4.84,38,5,2,9,17,2,0,0.346,754,174.2,198,23,38,3,145,104,94,
453,1998,30,조계현,삼성,5.21,29,2,0,8,11,0,0,0.421,678,150.1,171,19,64,12,94,99,87,
454,1999,1,임창용,삼성,2.14,71,0,0,13,4,38,0,0.765,535,138.2,91,10,29,7,141,33,33,
455,1999,2,정민태,현대,2.54,33,7,0,20,7,3,0,0.741,936,230.2,208,24,63,4,178,69,65,
456,1999,3,이경필,두산,3.19,28,1,0,13,7,0,0,0.65,690,166.2,151,12,55,10,91,67,59,
457,1999,4,문동환,롯데,3.28,30,6,1,17,4,0,0,0.81,781,189.1,171,12,67,9,141,75,69,
458,1999,5,박석진,롯데,3.58,33,2,1,11,3,2,0,0.786,611,148.1,123,14,44,14,101,65,59,
459,1999,6,정민철,한화,3.75,32,2,1,18,8,1,0,0.692,834,201.2,179,22,57,12,151,92,84,
460,1999,7,주형광,롯데,3.98,31,4,0,13,12,1,0,0.52,794,190,190,25,45,2,177,88,84,
461,1999,8,송진우,한화,4,35,8,2,15,5,6,0,0.75,792,186.2,180,24,61,3,132,99,83,
462,1999,9,김수경,현대,4.14,40,3,1,10,11,1,0,0.476,826,184.2,180,18,109,6,184,98,85,
463,1999,10,최용호,두산,4.26,38,1,0,8,7,0,0,0.533,673,154.1,131,16,92,15,108,79,73,
464,1999,11,손혁,LG,4.29,26,1,0,10,9,0,0,0.526,619,142.2,153,18,54,8,75,71,68,
465,1999,12,이상목,한화,4.29,31,2,0,14,8,2,0,0.636,707,172,161,26,29,8,140,86,82,
466,1999,13,노장진,삼성,4.35,33,2,1,15,9,0,0,0.625,842,188.1,180,17,102,14,173,100,91,
467,1999,14,김기덕,쌍방울,4.5,31,1,0,2,12,1,0,0.143,652,150,184,17,30,12,84,80,75,
468,1999,15,김상진,삼성,4.67,31,0,0,12,7,0,0,0.632,777,179.1,195,22,59,5,136,104,93,
469,1999,16,유동훈,해태,4.75,40,1,0,7,9,2,0,0.438,682,155.1,155,26,59,19,87,87,82,
470,1999,17,오철민,해태,5.19,35,0,0,6,6,1,0,0.5,631,138.2,163,14,64,7,86,94,80,
471,1999,18,강병규,두산,5.21,29,1,0,13,9,0,0,0.591,637,143.1,164,19,48,9,92,92,83,
472,1999,19,김진웅,삼성,5.4,34,2,0,11,13,0,0,0.458,759,171.2,173,23,86,3,144,115,103,
473,1999,20,곽현희,해태,6.15,36,0,0,11,11,4,0,0.5,654,146.1,171,31,45,12,104,106,100,
474,1999,21,김상태,LG,6.17,31,0,0,9,15,0,0,0.375,703,147.1,183,12,95,4,110,121,101,
475,2000,1,구대성,한화,2.77,48,0,0,6,7,21,0,0.462,540,133.1,98,13,47,8,136,47,41,
476,2000,2,해리거,LG,3.12,31,3,0,17,10,0,0,0.63,905,225,192,10,61,3,162,85,78,
477,2000,3,손민한,롯데,3.2,28,4,1,12,7,0,0,0.632,707,174.1,153,16,55,6,117,68,62,
478,2000,4,임선동,현대,3.36,29,1,1,18,4,0,0,0.818,802,195.1,177,13,61,7,174,75,73,
479,2000,5,송진우,한화,3.4,28,2,1,13,2,4,1,0.867,574,135,121,19,56,5,105,60,51,
480,2000,6,장문석,LG,3.42,40,0,0,9,8,11,0,0.529,584,137,123,10,50,12,134,55,52,
481,2000,7,정민태,현대,3.48,29,3,1,18,6,0,0,0.75,846,207,192,21,66,1,153,85,80,
482,2000,8,주형광,롯데,3.49,26,1,0,8,6,0,0,0.571,619,149.2,136,18,49,3,127,60,58,
483,2000,9,이광우,두산,3.7,29,2,1,11,3,1,0,0.786,629,150.2,169,18,30,6,76,72,62,
484,2000,10,김수경,현대,3.74,29,1,0,18,8,0,0,0.692,820,195,167,16,91,3,172,87,81,
485,2000,11,노장진,삼성,4.29,28,1,0,11,8,0,0,0.579,623,138.1,142,15,86,3,103,72,66,
486,2000,12,이승호,SK,4.51,42,1,0,10,12,9,0,0.455,610,139.2,130,14,70,5,132,77,70,
487,2000,13,파머,두산,4.54,27,1,0,10,9,0,1,0.526,689,152.2,158,11,85,5,92,90,77,
488,2000,14,최상덕,해태,4.56,30,6,1,12,9,0,0,0.571,802,185.2,193,28,62,11,136,102,94,
489,2000,15,김진웅,삼성,4.93,32,2,1,15,7,1,0,0.682,760,173.1,183,23,67,5,136,99,95,
490,2000,16,기론,롯데,5.01,31,0,0,10,8,0,0,0.556,757,169,183,21,85,6,134,103,94,
491,2000,17,조규수,한화,5.05,29,2,1,10,12,0,0,0.455,738,169.1,177,25,67,5,105,104,95,
492,2000,18,김기덕,SK,5.22,32,0,0,5,10,1,1,0.333,603,138,167,27,33,7,72,86,80,
493,2000,19,이용훈,삼성,5.63,33,0,0,9,7,0,2,0.563,619,139,146,22,72,11,112,88,87,
494,2001,1,박석진,롯데,2.98,47,0,0,4,10,14,1,0.286,549,133,127,6,34,19,81,50,44,
495,2001,2,신윤호,LG,3.12,70,0,0,15,6,18,0,0.714,629,144.1,129,8,79,12,99,58,50,
496,2001,3,이승호,SK,3.55,35,6,1,14,14,2,0,0.5,951,220.2,200,27,115,5,165,101,87,
497,2001,4,한용덕,한화,3.56,31,2,1,8,10,0,2,0.444,611,144,150,14,33,7,112,65,57,
498,2001,5,오상민,SK,3.57,69,0,0,7,6,10,9,0.538,571,133.2,123,16,43,6,121,56,53,
499,2001,6,이혜천,두산,3.62,53,0,0,9,6,3,6,0.6,631,141.2,152,17,72,3,107,72,57,
500,2001,7,배영수,삼성,3.77,35,0,0,13,8,0,0,0.619,750,169.2,169,11,89,8,96,82,71,
501,2001,8,송진우,한화,3.84,37,1,0,10,8,2,0,0.556,814,185.1,181,20,86,9,139,99,79,
502,2001,9,에르난데스,SK,3.89,34,4,2,14,13,0,0,0.519,1016,233.2,198,18,134,14,215,110,101,
503,2001,10,임창용,삼성,3.9,30,1,1,14,6,1,0,0.7,791,184.2,169,25,62,17,136,88,80,
504,2001,11,김진웅,삼성,3.96,43,1,1,11,7,12,2,0.611,596,141,132,14,61,2,129,65,62,
505,2001,12,마일영,현대,3.96,42,1,1,10,5,0,5,0.667,671,152.1,149,8,88,8,110,80,67,
506,2001,13,박지철,롯데,4.03,34,0,0,13,7,1,2,0.65,671,156.1,163,13,62,4,104,72,70,
507,2001,14,손민한,롯데,4.21,29,0,0,15,6,0,0,0.714,760,173.1,184,18,69,4,110,89,81,
508,2001,15,조규수,한화,4.24,40,1,1,7,8,5,2,0.467,617,136,158,18,63,6,85,71,64,
509,2001,16,최상덕,KIA,4.32,29,8,3,12,10,0,0,0.545,790,185.1,179,20,64,10,106,98,89,
510,2001,17,레스,KIA,4.34,27,2,0,7,9,0,0,0.438,665,153.1,139,21,85,3,104,81,74,
511,2001,18,김원형,SK,4.37,26,1,0,9,9,0,0,0.5,657,154.1,152,20,60,3,100,89,75,
512,2001,19,임선동,현대,4.4,24,5,1,14,9,0,0,0.609,681,159.2,201,10,43,3,77,84,78,
513,2001,20,해리거,LG,4.62,28,0,0,8,11,0,0,0.421,715,161.2,161,13,80,5,104,87,83,
514,2001,21,발데스,LG,4.65,30,0,0,10,9,0,0,0.526,740,164.2,166,16,88,11,80,93,85,
515,2001,22,테일러,현대,4.75,29,0,0,8,10,0,0,0.444,724,155.1,160,12,105,10,94,91,82,
516,2001,23,전준호,현대,5.09,30,0,0,12,6,0,1,0.667,639,143.1,163,15,54,7,85,86,81,
517,2002,1,엘비라,삼성,2.5,22,,,13,6,0,0,0.684,,137,115,7,52,4,111,44,38,1.22
518,2002,2,송진우,한화,2.99,31,,,18,7,0,0,0.72,,220,199,16,54,11,165,82,73,1.15
519,2002,3,임창용,삼성,3.08,36,,,17,6,2,0,0.739,,204.1,188,24,34,24,160,82,70,1.09
520,2002,4,리오스,KIA,3.14,54,,,14,5,13,1,0.737,,157.2,140,14,44,24,102,59,55,1.17
521,2002,5,이승호,SK,3.15,27,,,6,12,0,0,0.333,,142.2,120,18,40,5,144,55,50,1.12
522,2002,6,채병용,SK,3.19,51,,,7,9,11,2,0.438,,141,120,20,44,9,126,51,50,1.16
523,2002,7,키퍼,KIA,3.34,32,,,19,9,0,0,0.679,,202.1,172,24,52,16,135,84,75,1.11
524,2002,8,박명환,두산,3.44,30,,,14,10,0,0,0.583,,185.2,173,12,68,7,169,78,71,1.3
525,2002,9,손민한,롯데,3.67,23,,,4,9,0,0,0.308,,142.1,144,19,30,4,82,68,58,1.22
526,2002,10,구자운,두산,3.79,32,,,8,8,1,0,0.5,,133,134,6,58,7,95,64,56,1.44
527,2002,11,레스,두산,3.87,31,,,16,8,0,0,0.667,,202.1,202,19,69,8,154,97,87,1.34
528,2002,12,이상훈,두산,3.91,70,,,4,10,2,6,0.286,,133.2,129,9,40,10,93,59,58,1.26
529,2002,13,콜,두산,4.01,27,,,12,6,0,0,0.667,,157,152,11,73,8,114,71,70,1.43
530,2002,14,김진우,KIA,4.07,33,,,12,11,0,0,0.522,,188,201,20,67,11,177,94,85,1.43
531,2002,15,토레스,현대,4.19,28,,,10,11,0,0,0.476,,180.1,182,21,64,21,97,97,84,1.36
532,2002,16,만자니오,LG,4.32,31,,,8,11,0,1,0.421,,162.1,161,13,94,21,122,85,78,1.57
533,2002,17,염종석,롯데,4.36,31,,,8,14,0,0,0.364,,159,180,15,36,15,108,93,77,1.36
534,2002,18,최원호,LG,4.41,31,,,6,11,0,0,0.353,,138.2,127,19,61,17,53,70,68,1.36
535,2002,19,최상덕,KIA,4.47,24,,,8,7,0,0,0.533,,133,150,23,33,4,79,79,66,1.38
536,2002,20,제춘모,SK,4.68,30,,,9,7,0,0,0.563,,146,154,18,51,11,93,90,76,1.4
537,2002,21,김수경,현대,4.88,27,,,12,10,0,0,0.545,,151.1,155,25,58,2,130,84,82,1.41
538,2002,22,정민철,한화,5.35,26,,,7,13,0,0,0.35,,138,144,19,39,9,116,83,82,1.33
539,2003,1,바워스,현대,3.01,24,,,13,4,1,1,0.765,,143.2,145,12,46,9,85,58,48,1.33
540,2003,2,이승호,LG,3.19,31,,,11,11,0,0,0.5,,191.2,151,17,103,9,157,76,68,1.33
541,2003,3,정민태,현대,3.31,29,,,17,2,0,0,0.895,,177,179,17,42,5,122,76,65,1.25
542,2003,4,김진우,KIA,3.45,24,,,11,5,0,0,0.688,,169.1,150,9,63,12,146,68,65,1.26
543,2003,5,이상목,한화,3.54,33,,,15,7,1,1,0.682,,185.1,203,18,29,4,118,78,73,1.25
544,2003,6,임창용,삼성,3.55,28,,,13,3,1,0,0.813,,147,141,15,44,15,85,63,58,1.26
545,2003,7,이리키,두산,3.74,39,,,7,11,5,0,0.389,,159,155,17,53,9,87,68,66,1.31
546,2003,8,키퍼,두산,3.79,29,,,8,7,0,0,0.533,,168.2,160,15,46,17,77,78,71,1.22
547,2003,9,리오스,KIA,3.82,30,,,10,13,0,0,0.435,,188.2,186,19,62,28,121,93,80,1.31
548,2003,10,정민철,한화,4,26,,,11,10,0,0,0.524,,139.2,132,18,51,4,73,65,62,1.31
549,2003,11,김진웅,삼성,4.05,32,,,9,11,1,0,0.45,,153.1,151,19,70,5,99,75,69,1.44
550,2003,12,스미스,SK,4.2,30,,,7,10,0,0,0.412,,152,157,9,61,9,82,84,71,1.43
551,2003,13,배영수,삼성,4.51,30,,,13,5,0,0,0.722,,163.2,174,11,77,7,99,85,82,1.53
552,2003,14,김수경,현대,4.63,29,,,10,9,0,0,0.526,,167,184,14,70,4,121,96,86,1.52
553,2004,1,박명환,두산,2.5,26,,,12,3,0,0,0.8,,158.2,130,4,52,7,162,50,44,1.15
554,2004,2,레스,두산,2.6,29,,,17,8,0,0,0.68,,200.2,189,12,57,15,116,68,58,1.23
555,2004,3,배영수,삼성,2.61,35,,,17,2,0,0,0.895,,189.2,163,6,74,11,144,65,55,1.25
556,2004,4,리오스,KIA,2.87,32,,,17,8,0,0,0.68,,222.2,209,10,70,25,145,75,71,1.25
557,2004,5,권오준,삼성,3.23,47,,,11,5,2,7,0.688,,153.1,128,15,40,7,142,56,55,1.1
558,2004,6,피어리,현대,3.32,28,,,16,6,0,0,0.727,,181.2,166,24,61,9,130,73,67,1.25
559,2004,7,송진우,한화,3.61,28,,,11,8,1,0,0.579,,172,162,19,44,7,100,73,69,1.2
560,2004,8,박지철,롯데,3.87,27,,,9,7,0,0,0.563,,139.2,131,9,60,6,94,62,60,1.37
561,2004,9,오재영,현대,3.99,30,,,10,9,0,0,0.526,,149,135,16,53,5,113,71,66,1.26
562,2004,10,이승호,SK,3.99,31,,,15,9,0,1,0.625,,169,160,21,87,13,145,87,75,1.46
563,2004,11,김수경,현대,4.01,26,,,11,8,0,0,0.579,,152.2,151,14,62,3,100,74,68,1.4
564,2004,12,장문석,LG,4.03,28,,,10,8,1,0,0.556,,152,168,15,55,8,75,73,68,1.47
565,2004,13,마뇽,KIA,4.17,34,,,8,9,0,1,0.471,,155.1,156,15,63,9,83,76,72,1.41
566,2004,14,김원형,SK,4.2,30,,,8,6,1,1,0.571,,135,147,19,41,10,78,70,63,1.39
567,2004,15,호지스,삼성,4.24,30,,,9,10,0,0,0.474,,163.1,158,15,81,21,123,91,77,1.46
568,2004,16,김진웅,삼성,4.32,35,,,9,7,0,2,0.563,,135.1,126,12,75,8,99,73,65,1.49
569,2004,17,김광삼,LG,4.47,31,,,8,7,0,1,0.533,,151,164,9,76,11,109,85,75,1.59
570,2004,18,정민태,현대,5,28,,,7,14,0,0,0.333,,165.2,193,21,42,8,123,109,92,1.42
571,2004,19,송창식,한화,5.13,26,,,8,7,0,0,0.533,,140.1,143,15,63,8,80,83,80,1.47
572,2004,20,강철민,KIA,5.33,31,,,8,12,1,0,0.4,,145.1,159,14,61,13,86,94,86,1.51
573,2005,1,손민한,롯데,2.46,28,,,18,7,1,0,0.72,,168.1,149,9,38,2,105,54,46,1.11
574,2005,2,배영수,삼성,2.86,31,,,11,11,2,1,0.5,,173,148,10,48,11,147,61,55,1.13
575,2005,3,랜들,두산,3.25,29,,,12,7,0,0,0.632,,149.2,163,18,47,15,111,59,54,1.4
576,2005,4,황두성,현대,3.29,60,,,11,9,1,7,0.55,,128.2,106,15,41,6,137,53,47,1.14
577,2005,5,신승현,SK,3.38,30,,,12,9,0,0,0.571,,154.2,146,12,45,12,91,70,58,1.23
578,2005,6,김원형,SK,3.41,30,,,14,8,0,0,0.636,,171.2,172,17,30,15,94,73,65,1.18
579,2005,7,문동환,한화,3.47,26,,,10,9,0,0,0.526,,173.2,174,12,57,3,103,74,67,1.33
580,2005,8,리오스,두산,3.51,32,,,15,12,0,0,0.556,,205.1,203,20,57,17,147,88,80,1.27
581,2005,9,송진우,한화,3.81,23,,,11,7,0,0,0.611,,127.2,126,13,42,7,88,61,54,1.32
582,2005,10,김진우,KIA,3.91,31,,,6,10,1,0,0.375,,145,126,10,61,12,123,71,63,1.29
583,2005,11,캘러웨이,현대,3.97,32,,,16,9,0,0,0.64,,197.1,206,17,54,12,103,99,87,1.32
584,2005,12,최원호,LG,4.07,27,,,13,6,0,0,0.684,,163.2,153,17,60,15,106,79,74,1.3
585,2005,13,김해님,한화,4.28,32,,,6,8,1,2,0.429,,128.1,152,12,30,10,61,66,61,1.42
586,2005,14,바르가스,삼성,5.06,26,,,10,8,0,0,0.556,,128,120,12,63,7,66,78,72,1.43
587,2005,15,손승락,현대,5.43,26,,,5,10,0,0,0.333,,134.1,154,18,48,10,80,81,81,1.5
588,2006,1,류현진,한화,2.23,30,,,18,6,1,0,0.75,,201.2,159,11,52,2,204,57,50,1.05
589,2006,2,브라운,삼성,2.68,27,,,11,9,0,0,0.55,,154.1,118,14,44,13,92,50,46,1.05
590,2006,3,손민한,롯데,2.78,25,,,10,8,1,0,0.556,,161.2,147,4,39,9,96,54,50,1.15
591,2006,4,이혜천,두산,2.79,32,,,8,6,0,1,0.571,,142,119,4,56,12,104,52,44,1.23
592,2006,5,장원삼,현대,2.85,29,,,12,10,0,0,0.545,,183.1,146,19,63,5,142,60,58,1.14
593,2006,6,캘러웨이,현대,2.87,27,,,14,7,0,0,0.667,,166.1,171,4,35,8,95,61,53,1.24
594,2006,7,리오스,두산,2.9,34,,,12,16,0,0,0.429,,233,204,14,49,15,145,86,75,1.09
595,2006,8,배영수,삼성,2.92,32,,,8,9,0,4,0.471,,157.1,142,13,38,9,133,56,51,1.14
596,2006,9,랜들,두산,2.95,30,,,16,8,0,0,0.667,,7731,170,14,58,10,142,66,63,1.19
597,2006,10,그레이싱어,KIA,3.02,29,,,14,12,0,0,0.538,,188,151,10,47,12,164,65,63,1.05
598,2006,11,문동환,한화,3.05,31,,,16,9,1,0,0.64,,189,186,10,67,11,85,78,64,1.34
599,2006,12,채병용,SK,3.07,27,,,7,8,0,0,0.467,,152.2,136,10,55,9,97,60,52,1.25
600,2006,13,이상목,롯데,3.25,23,,,12,8,0,0,0.6,,138.2,132,17,23,5,50,63,50,1.12
601,2006,14,한기주,KIA,3.26,44,,,10,11,1,8,0.476,,140.2,117,8,52,12,78,57,51,1.2
602,2006,15,하리칼라,삼성,3.33,23,,,12,7,0,0,0.632,,135.1,131,14,26,6,70,60,50,1.16
603,2006,16,전준호,현대,3.39,30,,,14,4,1,0,0.778,,143.1,141,7,60,12,82,56,54,1.4
604,2006,17,정재복,LG,3.59,29,,,7,10,0,0,0.412,,143,126,9,49,3,63,64,57,1.22
605,2006,18,송진우,한화,3.6,26,,,8,8,0,0,0.5,,147.1,147,10,47,9,94,64,59,1.32
606,2006,19,장원준,롯데,3.61,29,,,7,12,0,0,0.368,,179.2,152,14,75,9,130,85,72,1.26
607,2006,20,염종석,롯데,3.72,25,,,6,9,0,0,0.4,,128.1,146,7,31,5,62,62,53,1.38
608,2006,21,전병호,삼성,3.9,35,,,10,8,0,2,0.556,,134,146,10,47,5,65,69,58,1.44
609,2006,22,윤길현,SK,3.9,32,,,5,9,1,2,0.357,,140.2,126,13,54,7,91,66,61,1.28
610,2006,23,임동규,삼성,3.91,34,,,8,7,0,3,0.533,,138,136,20,41,8,59,69,60,1.28
611,2006,24,정민철,한화,3.93,25,,,7,13,0,0,0.35,,130.2,142,18,42,5,62,68,57,1.41
612,2006,25,김원형,SK,4.07,24,,,5,9,0,0,0.357,,139.1,152,11,41,13,52,69,63,1.39
613,2006,26,심수창,LG,4.38,29,,,10,9,0,0,0.526,,135.2,147,17,52,8,56,73,66,1.47
614,2007,1,리오스,두산,2.07,33,,,22,5,0,0,0.815,,234.2,191,8,58,16,147,69,54,1.06
615,2007,2,채병용,SK,2.84,28,,,11,8,0,0,0.579,,146,137,8,47,5,84,51,46,1.26
616,2007,3,정민철,한화,2.9,26,,,12,5,0,0,0.706,,155.1,155,11,32,8,66,58,50,1.2
617,2007,4,류현진,한화,2.94,30,,,17,7,0,0,0.708,,211,195,15,68,3,178,74,69,1.25
618,2007,5,랜들,두산,3.12,28,,,12,8,0,0,0.6,,164.1,142,16,55,10,113,60,57,1.2
619,2007,6,박명환,LG,3.19,27,,,10,6,0,0,0.625,,155.1,133,11,72,4,117,59,55,1.32
620,2007,7,레이번,SK,3.27,32,,,17,8,0,0,0.68,,184.2,167,13,86,13,98,74,67,1.37
621,2007,8,브라운,삼성,3.33,30,,,12,8,0,0,0.6,,162.1,155,10,43,14,68,65,60,1.22
622,2007,9,손민한,롯데,3.34,30,,,13,10,0,0,0.565,,194,191,17,48,2,95,74,72,1.23
623,2007,10,장원삼,현대,3.63,30,,,9,10,0,0,0.474,,168.2,152,16,75,3,132,80,68,1.35
624,2007,11,로마노,SK,3.69,32,,,12,4,0,0,0.75,,146.1,158,9,67,5,81,72,60,1.54
625,2007,12,윤석민,KIA,3.78,28,,,7,18,0,0,0.28,,162,161,10,59,15,104,76,68,1.36
626,2007,13,김수경,현대,3.88,30,,,12,7,0,0,0.632,,176.1,170,19,61,2,127,85,76,1.31
627,2007,14,스코비,KIA,3.92,22,,,8,10,0,0,0.444,,126.1,123,11,62,5,58,57,55,1.46
628,2007,15,전병호,삼성,4.06,32,,,8,8,0,2,0.5,,137.1,148,11,41,4,39,71,62,1.38
629,2007,16,세드릭,한화,4.15,28,,,11,13,0,0,0.458,,158.1,143,7,104,10,140,81,73,1.56
630,2007,17,정재복,LG,4.42,44,,,6,5,1,2,0.545,,126.1,134,6,38,2,71,65,62,1.36
631,2007,18,황두성,현대,4.45,46,,,7,9,1,3,0.438,,139.2,121,13,51,1,142,76,69,1.23
632,2007,19,장원준,롯데,4.67,32,,,8,12,0,0,0.4,,156,171,14,69,9,103,87,81,1.54
633,2007,20,전준호,현대,4.75,26,,,6,10,0,0,0.375,,142,145,23,60,6,73,79,75,1.44
634,2008,1,윤석민,KIA,2.33,24,,,14,5,0,1,0.737,,154.2,121,10,42,4,119,45,40,1.05
635,2008,2,김광현,SK,2.39,27,,,16,4,0,0,0.8,,162,127,9,63,2,150,50,43,1.17
636,2008,3,봉중근,LG,2.66,28,,,11,8,0,0,0.579,,186.1,153,13,68,12,140,66,55,1.19
637,2008,4,채병용,SK,2.7,27,,,10,2,0,1,0.833,,136.2,126,10,43,6,81,43,41,1.24
638,2008,5,장원삼,우리,2.85,27,,,12,8,0,0,0.6,,167.1,145,9,57,2,126,54,53,1.21
639,2008,6,손민한,롯데,2.97,26,,,12,4,0,0,0.75,,179,183,12,40,1,80,66,59,1.25
640,2008,7,레이번,SK,3.3,26,,,5,3,0,0,0.625,,133.2,129,9,65,10,68,55,49,1.45
641,2008,8,류현진,한화,3.31,26,,,14,7,0,0,0.667,,165.2,144,12,67,1,143,66,61,1.27
642,2008,9,정현욱,삼성,3.4,53,,,10,4,0,11,0.714,,127,108,3,55,1,97,51,48,1.28
643,2008,10,마일영,우리,3.49,28,,,11,11,0,0,0.5,,173,155,11,57,12,83,77,67,1.23
644,2008,11,장원준,롯데,3.53,26,,,12,10,0,0,0.545,,155.2,162,12,54,4,102,75,61,1.39
645,2008,12,송승준,롯데,3.76,26,,,12,7,0,0,0.632,,153.1,154,7,70,6,114,78,64,1.46
646,2008,13,윤성환,삼성,3.92,35,,,10,11,0,2,0.476,,135.1,132,8,45,7,102,66,59,1.31
647,2008,14,옥스프링,LG,3.93,29,,,10,10,0,0,0.5,,174,182,12,77,12,110,83,76,1.49
648,2008,15,송진우,한화,4.48,31,,,6,8,0,2,0.429,,132.2,141,13,62,6,73,72,66,1.53
649,2008,16,랜들,두산,4.48,29,,,9,9,0,0,0.5,,150.2,171,15,49,9,101,78,75,1.46
650,2008,17,정민철,한화,5.23,25,,,6,10,0,0,0.375,,127.1,144,13,40,5,56,78,74,1.45
651,2009,1,김광현,SK,2.8,21,,,12,2,0,0,0.857,,138.1,121,14,53,4,112,46,43,1.26
652,2009,2,전병두,SK,3.11,49,,,8,4,8,1,0.667,,133.1,114,13,48,2,136,50,46,1.22
653,2009,3,로페즈,KIA,3.12,29,,,14,5,0,0,0.737,,190.1,200,6,41,10,129,83,66,1.27
654,2009,4,송은범,SK,3.13,31,,,12,3,0,0,0.8,,149.1,155,17,49,5,103,59,52,1.37
655,2009,5,양현종,KIA,3.15,29,,,12,5,0,1,0.706,,148.2,133,14,58,2,139,55,52,1.28
656,2009,6,구톰슨,KIA,3.24,26,,,13,4,0,0,0.765,,161.1,149,15,46,8,95,61,58,1.21
657,2009,7,봉중근,LG,3.29,26,,,11,12,0,0,0.478,,172.1,160,13,57,14,127,70,63,1.26
658,2009,8,류현진,한화,3.57,28,,,13,12,0,0,0.52,,189.1,180,19,67,2,188,80,75,1.3
659,2009,9,조정훈,롯데,4.05,27,,,14,9,0,0,0.609,,182.1,189,23,53,7,175,97,82,1.33
660,2009,10,장원준,롯데,4.15,28,,,13,8,0,0,0.619,,162.2,175,16,82,6,108,83,75,1.58
661,2009,11,이현승,히어로즈,4.18,30,,,13,10,0,0,0.565,,170,161,25,66,5,120,84,79,1.34
662,2009,12,윤성환,삼성,4.32,30,,,14,5,0,0,0.737,,166.2,163,19,34,10,131,83,80,1.18
663,2009,13,크루세타,삼성,4.36,30,,,9,10,0,0,0.474,,157,134,11,109,6,127,90,76,1.55
664,2009,14,송승준,롯데,4.72,29,,,13,8,0,0,0.619,,167.2,175,25,68,8,104,92,88,1.45
665,2009,15,김선우,두산,5.11,29,,,11,10,0,0,0.524,,148,176,18,48,6,89,93,84,1.51
666,2009,16,안영명,한화,5.18,26,,,11,8,0,0,0.579,,140.2,148,34,45,7,87,88,81,1.37
667,2010,1,류현진,한화,1.82,25,,,16,4,0,0,0.8,,192.2,149,11,45,9,187,42,39,1.01
668,2010,2,김광현,SK,2.37,31,,,17,7,0,0,0.708,,193.2,153,13,84,5,183,56,51,1.22
669,2010,3,카도쿠라,SK,3.22,30,,,14,7,0,0,0.667,,153.2,146,14,52,6,143,65,55,1.29
670,2010,4,히메네스,두산,3.32,27,,,14,5,0,0,0.737,,152,139,7,62,9,87,65,56,1.32
671,2010,5,서재응,KIA,3.34,24,,,9,7,0,0,0.563,,140,134,10,29,11,68,53,52,1.16
672,2010,6,장원삼,삼성,3.46,29,,,13,5,0,0,0.722,,151,139,13,44,5,115,62,58,1.21
673,2010,7,봉중근,LG,3.58,28,,,10,9,0,0,0.526,,178.1,166,13,69,14,130,74,71,1.32
674,2010,8,사도스키,롯데,3.87,27,,,10,8,0,0,0.556,,169.2,153,17,54,8,120,83,73,1.22
675,2010,9,김선우,두산,4.02,28,,,13,6,0,0,0.684,,154.2,163,12,50,8,128,77,69,1.38
676,2010,10,양현종,KIA,4.25,30,,,16,8,0,0,0.667,,169.1,169,9,98,6,145,84,80,1.58
677,2010,11,송승준,롯데,4.39,27,,,14,6,0,0,0.7,,168,156,20,60,9,113,90,82,1.29
678,2010,12,장원준,롯데,4.43,26,,,12,6,0,0,0.667,,144.1,158,24,48,8,113,77,71,1.43
679,2010,13,로페즈,KIA,4.66,27,,,4,10,1,0,0.286,,166,180,22,43,8,83,92,86,1.34
680,2010,14,번사이드,넥센,5.34,29,,,10,10,0,0,0.5,,140,150,16,82,18,98,91,83,1.66
681,2010,15,유원상,한화,5.5,29,,,5,14,0,0,0.263,,142.1,164,20,69,2,82,89,87,1.64
682,2011,1,윤석민,KIA,2.45,27,,,17,5,1,0,0.773,,172.1,137,10,44,6,178,53,47,1.05
683,2011,2,니퍼트,두산,2.55,29,,,15,6,0,0,0.714,,187,150,8,64,10,150,61,53,1.14
684,2011,3,김선우,두산,3.13,28,,,16,7,1,0,0.696,,175.2,188,12,35,6,89,68,61,1.27
685,2011,4,장원준,롯데,3.14,29,,,15,6,0,0,0.714,,180.2,195,7,62,9,129,72,63,1.42
686,2011,5,윤성환,삼성,3.54,24,,,14,5,0,0,0.737,,137.1,151,8,30,3,83,62,54,1.32
687,2011,6,주키치,LG,3.6,32,,,10,8,1,0,0.556,,187.2,174,9,53,1,150,86,75,1.21
688,2011,7,차우찬,삼성,3.69,24,,,10,6,0,0,0.625,,148.2,156,22,62,3,114,75,61,1.47
689,2011,8,리즈,LG,3.88,30,,,11,13,0,0,0.458,,164.2,149,11,84,15,122,79,71,1.41
690,2011,9,사도스키,롯데,3.91,25,,,11,8,0,0,0.579,,140.1,130,15,52,6,79,64,61,1.3
691,2011,10,로페즈,KIA,3.98,26,,,11,9,1,0,0.55,,153.2,153,14,26,9,106,71,68,1.16
692,2011,11,송승준,롯데,4.18,30,,,13,10,0,0,0.565,,172.1,181,17,59,7,126,84,80,1.39
693,2011,12,박현준,LG,4.18,29,,,13,10,0,0,0.565,,163.2,153,13,68,11,137,88,76,1.35
694,2011,13,고원준,롯데,4.19,36,,,9,7,2,0,0.563,,152.2,163,15,59,6,85,77,71,1.45
695,2011,14,양훈,한화,4.28,27,,,6,10,0,0,0.375,,143,145,15,60,5,110,75,68,1.43
696,2011,15,나이트,넥센,4.7,30,,,7,15,0,0,0.318,,172.1,169,12,98,12,115,98,90,1.55
697,2011,16,안승민,한화,5.89,29,,,7,9,0,0,0.438,,139,177,22,30,8,90,101,91,1.49
698,2012,1,나이트,넥센,2.2,30,,,16,4,0,0,0.8,,208.2,180,6,53,7,102,60,51,1.12
699,2012,2,노경은,두산,2.53,42,,,12,6,0,7,0.667,,146,106,6,69,8,133,46,41,1.2
700,2012,3,유먼,롯데,2.55,29,,,13,7,0,1,0.65,,179.2,156,10,56,1,142,58,51,1.18
701,2012,4,서재응,KIA,2.59,29,,,9,8,0,0,0.529,,160,143,7,51,7,97,51,46,1.21
702,2012,5,류현진,한화,2.66,27,,,9,9,0,0,0.5,,182.2,153,12,46,5,210,58,54,1.09
703,2012,6,김진우,KIA,2.9,24,,,10,5,0,0,0.667,,133.2,110,2,50,10,101,47,43,1.2
704,2012,7,이용찬,두산,3,26,,,10,11,0,0,0.476,,162,154,5,63,6,113,58,54,1.34
705,2012,8,윤석민,KIA,3.12,28,,,9,8,0,0,0.529,,153,120,9,33,8,137,60,53,1
706,2012,9,니퍼트,두산,3.2,29,,,11,10,0,0,0.524,,194,156,15,68,8,126,70,69,1.15
707,2012,10,배영수,삼성,3.21,26,,,12,8,0,0,0.6,,160,159,7,39,3,89,64,57,1.24
708,2012,11,밴헤켄,넥센,3.28,28,,,11,8,0,0,0.579,,170,166,16,60,3,132,68,62,1.33
709,2012,12,송승준,롯데,3.31,28,,,7,11,0,0,0.389,,163,158,12,57,8,117,73,60,1.32
710,2012,13,윤희상,SK,3.36,28,,,10,9,0,0,0.526,,163.1,164,10,49,6,100,66,61,1.3
711,2012,14,주키치,LG,3.45,30,,,11,8,0,1,0.579,,177.1,179,6,54,4,96,75,68,1.31
712,2012,15,소사,KIA,3.54,23,,,9,8,0,0,0.529,,147.1,137,9,39,8,104,62,58,1.19
713,2012,16,장원삼,삼성,3.55,27,,,17,6,0,1,0.739,,157,143,9,38,9,127,64,62,1.15
714,2012,17,리즈,LG,3.69,32,,,5,12,5,0,0.294,,151.1,138,6,68,9,144,68,62,1.36
715,2012,18,앤서니,KIA,3.83,32,,,11,13,1,0,0.458,,171.2,174,15,67,7,94,84,73,1.4
716,2012,19,탈보트,삼성,3.97,25,,,14,3,0,0,0.824,,138.1,136,8,54,5,68,63,61,1.37
717,2012,20,김혁민,한화,4.06,32,,,8,9,0,1,0.471,,146.1,137,9,45,9,102,69,66,1.24
718,2012,21,사도스키,롯데,4.32,29,,,8,8,0,1,0.5,,150,154,9,69,6,98,75,72,1.49
719,2012,22,김선우,두산,4.52,28,,,6,9,0,0,0.4,,163.1,182,13,41,8,63,91,82,1.37
720,2013,1,찰리,NC,2.48,29,,,11,7,0,0,0.611,,189,175,6,60,14,116,60,52,1.24
721,2013,2,이재학,NC,2.88,27,,,10,5,1,0,0.667,,156,123,12,59,14,144,53,50,1.17
722,2013,3,세든,SK,2.98,30,,,14,6,0,0,0.7,,187.1,169,14,73,11,160,65,62,1.29
723,2013,4,리즈,LG,3.06,32,,,10,13,0,0,0.435,,202.2,153,11,88,20,188,78,69,1.19
724,2013,5,윤성환,삼성,3.27,27,,,13,8,0,0,0.619,,170.2,167,16,37,4,122,69,62,1.2
725,2013,6,옥스프링,롯데,3.29,30,,,13,7,0,0,0.65,,183.1,164,10,69,11,144,79,67,1.27
726,2013,7,유희관,두산,3.53,41,,,10,7,1,3,0.588,,145.1,141,7,52,7,96,60,57,1.33
727,2013,8,유먼,롯데,3.54,31,,,13,4,0,0,0.765,,193.1,186,19,78,5,141,81,76,1.37
728,2013,9,에릭,NC,3.63,27,,,4,11,0,0,0.267,,178.1,163,12,50,17,127,83,72,1.19
729,2013,10,밴헤켄,넥센,3.73,29,,,12,10,0,0,0.545,,161.2,178,11,58,10,137,78,67,1.46
730,2013,11,송승준,롯데,3.76,29,,,12,6,0,0,0.667,,167.2,171,11,64,4,133,74,70,1.4
731,2013,12,노경은,두산,3.84,30,,,10,10,0,0,0.5,,180.1,171,16,75,6,153,88,77,1.36
732,2013,13,윤희상,SK,3.87,25,,,8,6,0,0,0.571,,151.1,147,17,44,7,120,72,65,1.26
733,2013,14,우규민,LG,3.91,30,,,10,8,0,2,0.556,,147.1,162,5,31,12,92,67,64,1.31
734,2013,15,밴덴헐크,삼성,3.95,24,,,7,9,0,0,0.438,,143.2,127,11,48,11,137,67,63,1.22
735,2013,16,바티스타,한화,4.2,29,,,7,7,0,0,0.5,,143.2,141,9,70,13,150,77,67,1.47
736,2013,17,강윤구,넥센,4.36,41,,,6,6,0,7,0.5,,130,112,6,75,8,131,69,63,1.44
737,2013,18,장원삼,삼성,4.38,27,,,13,10,1,0,0.565,,154,165,21,42,9,104,85,75,1.34
738,2013,19,나이트,넥센,4.43,30,,,12,10,0,0,0.545,,172.2,192,10,79,14,129,96,85,1.57
739,2013,20,김광현,SK,4.47,25,,,10,9,0,0,0.526,,133,128,12,68,4,102,72,66,1.47
740,2013,21,배영수,삼성,4.71,27,,,14,4,0,0,0.778,,151,193,9,38,14,101,83,79,1.53
741,2013,22,레이예스,SK,4.84,30,,,8,13,0,0,0.381,,173,157,15,91,7,135,99,93,1.43
742,2013,23,김혁민,한화,5.4,42,,,5,10,0,11,0.333,,146.2,142,25,60,12,96,93,88,1.38
743,2013,24,소사,KIA,5.47,29,,,9,9,0,1,0.5,,164.2,196,11,68,9,143,111,100,1.6
744,2013,25,이브랜드,한화,5.54,32,,,6,14,0,0,0.3,,172.1,190,7,65,10,129,110,106,1.48
745,2014,1,밴덴헐크,삼성,3.18,25,,,13,4,0,0,0.765,,152.2,125,15,45,5,180,54,54,1.11
746,2014,2,김광현,SK,3.42,28,,,13,9,0,0,0.591,,173.2,178,10,81,3,145,77,66,1.49
747,2014,3,밴헤켄,넥센,3.51,31,,,20,6,0,0,0.769,,187,193,9,53,3,178,81,73,1.32
748,2014,4,찰리,NC,3.81,28,,,12,8,0,0,0.6,,165.1,184,13,55,9,92,90,70,1.45
749,2014,5,니퍼트,두산,3.81,30,,,14,7,0,1,0.667,,179.1,186,17,48,6,158,83,76,1.3
750,2014,6,리오단,LG,3.96,28,,,9,10,0,0,0.474,,168,177,13,37,10,77,80,74,1.27
751,2014,7,에릭,NC,4.01,30,,,8,8,0,0,0.5,,172.2,169,14,62,14,112,86,77,1.34
752,2014,8,우규민,LG,4.04,29,,,11,5,0,0,0.688,,153.2,170,11,34,12,103,78,69,1.33
753,2014,9,장원삼,삼성,4.11,24,,,11,5,0,0,0.688,,129.1,149,16,37,5,63,70,59,1.44
754,2014,10,옥스프링,롯데,4.2,32,,,10,8,0,0,0.556,,184.1,184,20,63,5,130,93,86,1.34
755,2014,11,이재학,NC,4.21,29,,,10,9,0,0,0.526,,156,152,16,68,8,131,77,73,1.41
756,2014,12,양현종,KIA,4.25,29,,,16,8,0,0,0.667,,171.1,162,12,77,4,165,85,81,1.39
757,2014,13,윤성환,삼성,4.39,28,,,12,7,0,0,0.632,,170.1,196,18,37,8,133,87,83,1.37
758,2014,14,유희관,두산,4.42,30,,,12,9,0,0,0.571,,177.1,202,21,51,8,112,98,87,1.43
759,2014,15,장원준,롯데,4.59,27,,,10,9,0,0,0.526,,155,160,15,67,3,107,87,79,1.46
760,2014,16,마틴,삼성,4.78,23,,,9,6,0,0,0.6,,128,148,10,31,7,84,69,68,1.4
761,2014,17,류제국,LG,5.12,27,,,9,7,0,0,0.563,,147.2,146,13,58,13,128,100,84,1.38
762,2014,18,이태양,한화,5.29,30,,,7,10,0,0,0.412,,153,183,27,41,7,96,100,90,1.46
763,2014,19,배영수,삼성,5.45,25,,,8,6,0,0,0.571,,133.2,171,14,39,5,111,87,81,1.57
764,2014,20,앨버스,한화,5.89,28,,,6,13,0,0,0.316,,151.1,200,18,40,4,107,108,99,1.59
765,2014,21,유먼,롯데,5.93,28,,,12,10,0,0,0.545,,151.2,196,20,63,3,84,109,100,1.71
766,2014,22,임준섭,KIA,6.06,29,,,5,11,0,0,0.313,,130.2,157,15,67,6,54,95,88,1.71
767,2014,23,채병용,SK,6.37,27,,,8,12,0,0,0.4,,130,151,27,49,8,87,94,92,1.54
768,2015,1,양현종,KIA,2.44,32,,,15,6,0,1,0.714,,184.1,150,18,78,7,157,52,50,1.24
769,2015,2,해커,NC,3.13,31,,,19,5,0,0,0.792,,204,174,14,36,25,164,81,71,1.03
770,2015,3,피가로,삼성,3.38,25,,,13,7,0,0,0.65,,165,154,16,51,7,117,66,62,1.24
771,2015,4,우규민,LG,3.42,25,,,11,9,0,0,0.55,,152.2,163,13,17,12,119,64,58,1.18
772,2015,5,린드블럼,롯데,3.56,32,,,13,11,0,0,0.542,,210,196,28,52,12,180,86,83,1.18
773,2015,6,밴헤켄,넥센,3.62,32,,,15,8,0,0,0.652,,196.2,190,14,67,1,193,92,79,1.31
774,2015,7,김광현,SK,3.72,30,,,14,6,0,1,0.7,,176.2,173,19,66,3,160,86,73,1.35
775,2015,8,윤성환,삼성,3.76,30,,,17,8,0,0,0.68,,194,199,27,30,10,164,86,81,1.18
776,2015,9,레일리,롯데,3.91,31,,,11,9,0,0,0.55,,179.1,182,20,57,15,134,93,78,1.33
777,2015,10,유희관,두산,3.94,30,,,18,5,0,0,0.783,,189.2,193,23,44,4,126,84,83,1.25
778,2015,11,소사,LG,4.03,32,,,10,12,0,1,0.455,,194.1,199,16,36,5,177,102,87,1.21
779,2015,12,장원준,두산,4.08,30,,,12,12,0,0,0.5,,169.2,182,13,68,14,128,86,77,1.47
780,2015,13,켈리,SK,4.13,30,,,11,10,0,0,0.524,,181,188,16,54,5,139,87,83,1.34
781,2015,14,옥스프링,KT,4.48,31,,,12,10,0,0,0.545,,185,200,23,66,10,142,104,92,1.44
782,2015,15,피어밴드,넥센,4.67,30,,,13,11,0,0,0.542,,177.1,202,23,61,12,137,101,92,1.48
783,2015,16,탈보트,한화,4.72,30,,,10,11,0,0,0.476,,156.1,153,11,85,13,120,93,82,1.52
784,2015,17,차우찬,삼성,4.79,31,,,13,7,0,1,0.65,,173,160,28,74,5,194,98,92,1.35
785,2015,18,루카스,LG,4.93,33,,,10,11,0,1,0.476,,171.2,175,11,108,14,151,103,94,1.65
786,2015,19,스틴슨,KIA,4.96,32,,,11,10,0,0,0.524,,167,190,15,64,14,93,100,92,1.52
787,2015,20,클로이드,삼성,5.19,28,,,11,11,0,0,0.5,,159.2,190,24,38,12,123,103,92,1.43
788,2016,1,니퍼트,두산,2.95,28,,,22,3,0,0,0.88,,167.2,151,15,57,9,142,61,55,1.24
789,2016,2,장원준,두산,3.32,27,,,15,6,0,0,0.714,,168,161,14,76,9,137,66,62,1.41
790,2016,3,헥터,KIA,3.4,31,,,15,5,0,0,0.75,,206.2,211,7,51,6,139,88,78,1.27
791,2016,4,켈리,SK,3.68,31,,,9,8,0,0,0.529,,200.1,205,15,60,7,152,91,82,1.32
792,2016,4,양현종,KIA,3.68,31,,,10,12,0,0,0.455,,200.1,191,19,77,2,146,96,82,1.34
793,2016,6,보우덴,두산,3.8,30,,,18,7,0,0,0.72,,180,159,17,54,6,160,83,76,1.18
794,2016,7,신재영,넥센,3.9,30,,,15,7,0,0,0.682,,168.2,192,19,21,11,99,76,73,1.26
795,2016,8,류제국,LG,4.3,29,,,13,11,0,0,0.542,,161.1,152,14,70,21,138,83,77,1.38
796,2016,9,레일리,롯데,4.34,31,,,8,10,0,0,0.444,,184.2,207,21,51,17,147,105,89,1.4
797,2016,10,윤성환,삼성,4.35,28,,,11,10,0,0,0.524,,180,202,25,41,13,85,95,87,1.35
798,2016,11,유희관,두산,4.41,30,,,15,6,0,0,0.714,,185.2,212,22,58,6,102,95,91,1.45
799,2016,12,피어밴드,KT,4.45,31,,,7,13,0,0,0.35,,182,231,23,48,10,144,97,90,1.53
800,2016,13,스튜어트,NC,4.56,27,,,12,8,0,0,0.6,,150,160,11,55,8,118,79,76,1.43
801,2016,14,차우찬,삼성,4.73,24,,,12,6,0,0,0.667,,152.1,168,16,65,8,120,87,80,1.53
802,2016,15,소사,LG,5.16,33,,,10,9,0,0,0.526,,199,258,12,38,9,107,121,114,1.49
803,2016,16,지크,KIA,5.27,30,,,10,13,0,0,0.435,,152,188,16,68,5,125,104,89,1.68
804,2016,17,린드블럼,롯데,5.28,30,,,10,13,0,0,0.435,,177.1,197,28,77,9,148,109,104,1.55
805,2017,1,피어밴드,KT,3.04,26,,,8,10,0,0,0.444,,160,153,20,31,7,132,67,54,1.15
806,2017,2,장원준,두산,3.14,29,,,14,9,0,0,0.609,,180.1,172,12,51,14,125,70,63,1.24
807,2017,3,해커,NC,3.42,26,,,12,7,0,0,0.632,,160.1,159,14,29,14,97,64,61,1.17
808,2017,4,차우찬,LG,3.43,28,,,10,7,0,0,0.588,,175.2,171,20,38,7,157,75,67,1.19
809,2017,5,양현종,KIA,3.44,31,,,20,6,0,0,0.769,,193.1,209,17,45,0,158,88,74,1.31
810,2017,6,헥터,KIA,3.48,30,,,20,5,0,0,0.8,,201.2,221,21,45,5,149,83,78,1.32
811,2017,7,켈리,SK,3.6,30,,,16,7,0,0,0.696,,190,204,16,45,11,189,85,76,1.31
812,2017,8,박세웅,롯데,3.68,28,,,12,6,0,0,0.667,,171.1,170,21,56,9,117,74,70,1.32
813,2017,9,레일리,롯데,3.8,30,,,13,7,0,0,0.65,,187.1,199,19,44,17,156,87,79,1.3
814,2017,10,소사,LG,3.88,30,,,11,11,1,0,0.5,,185.1,189,11,38,3,153,86,80,1.22
815,2017,11,니퍼트,두산,4.06,30,,,14,8,0,0,0.636,,179.2,175,20,77,10,161,88,81,1.4
816,2017,12,박종훈,SK,4.1,29,,,12,7,0,1,0.632,,151.1,145,16,61,25,107,74,69,1.36
817,2017,13,팻딘,KIA,4.14,30,,,9,7,0,0,0.563,,176,211,22,39,16,143,86,81,1.42
818,2017,14,윤성환,삼성,4.28,28,,,12,9,0,0,0.571,,174.1,181,22,37,15,130,86,83,1.25
819,2017,15,브리검,넥센,4.38,24,,,10,6,0,0,0.625,,144,166,17,26,13,98,77,70,1.33
820,2017,16,최원태,넥센,4.46,25,,,11,7,0,0,0.611,,149.1,161,19,34,12,126,76,74,1.31
821,2017,17,유희관,두산,4.53,30,,,11,6,0,1,0.647,,188.2,228,20,41,10,106,104,95,1.43
822,2017,18,로치,KT,4.69,28,,,4,15,0,0,0.211,,165,200,18,60,13,99,106,86,1.58
823,2017,19,문승원,SK,5.33,29,,,6,12,0,0,0.333,,155.1,181,25,54,11,86,98,92,1.51
824,2018,1,린드블럼,두산,2.88,26,,,15,4,0,0,0.789,,168.2,142,16,38,8,157,56,54,1.07
825,2018,2,윌슨,LG,3.07,26,,,9,4,0,0,0.692,,170,158,11,35,6,149,63,58,1.14
826,2018,3,소사,LG,3.52,27,,,9,9,0,0,0.5,,181.1,192,16,28,4,181,83,71,1.21
827,2018,4,이용찬,두산,3.63,25,,,15,3,0,0,0.833,,144,151,14,36,8,102,62,58,1.3
828,2018,5,후랭코프,두산,3.74,28,,,18,3,0,0,0.857,,149.1,118,12,55,22,134,64,62,1.16
829,2018,6,브리검,넥센,3.84,31,,,11,7,0,1,0.611,,199,188,19,50,19,175,89,85,1.2
830,2018,7,켈리,SK,4.09,28,,,12,7,0,0,0.632,,158.1,152,18,47,13,161,78,72,1.26
831,2018,8,양현종,KIA,4.15,29,,,13,11,0,0,0.542,,184.1,199,21,43,2,152,88,85,1.31
832,2018,9,박종훈,SK,4.18,30,,,14,8,0,0,0.636,,159.1,158,16,54,20,133,81,74,1.33
833,2018,10,니퍼트,KT,4.25,29,,,8,8,0,0,0.5,,175.2,209,26,39,9,165,88,83,1.41
834,2018,11,피어밴드,KT,4.3,27,,,8,8,0,0,0.5,,163.1,186,24,38,6,141,90,78,1.37
835,2018,12,문승원,SK,4.6,31,,,8,9,1,1,0.471,,150.2,180,24,37,4,122,86,77,1.44
836,2018,13,헥터,KIA,4.6,29,,,11,10,0,0,0.524,,174,209,25,36,4,137,102,89,1.41
837,2018,14,샘슨,한화,4.68,30,,,13,8,0,0,0.619,,161.2,144,17,79,5,195,91,84,1.38
838,2018,15,레일리,롯데,4.74,30,,,11,13,0,0,0.458,,178.1,180,24,54,18,178,106,94,1.31
839,2018,16,이재학,NC,4.79,29,,,5,13,0,0,0.278,,152.1,157,13,49,10,116,87,81,1.35
840,2018,17,한현희,넥센,4.79,30,,,11,7,0,0,0.611,,169,208,22,49,20,105,98,90,1.52
841,2018,18,산체스,SK,4.89,29,,,8,8,0,1,0.5,,145.1,161,26,39,7,124,90,79,1.38
842,2018,19,아델만,삼성,5.05,31,,,8,12,0,0,0.4,,171,202,20,54,11,137,101,96,1.5
843,2018,20,베렛,NC,5.28,29,,,6,10,0,0,0.375,,155,178,24,59,9,144,94,91,1.53
844,2018,21,보니야,삼성,5.3,29,,,7,10,0,0,0.412,,168,193,23,63,12,151,111,99,1.52
845,2018,22,금민철,KT,5.41,29,,,8,12,0,0,0.4,,156.1,212,19,68,7,79,104,94,1.79
846,2018,23,임찬규,LG,5.77,29,,,11,11,1,0,0.5,,146.2,195,23,47,13,125,104,94,1.65
847,2018,24,차우찬,LG,6.09,29,,,12,10,0,0,0.545,,170,177,27,79,10,136,119,115,1.51
848,2018,25,김원중,롯데,6.94,30,,,8,7,0,0,0.533,,145.1,173,28,77,11,137,115,112,1.72
849,2019,1,양현종,KIA,2.29,29,,,16,8,0,0,0.667,,184.2,165,6,33,2,163,56,47,1.07
850,2019,2,린드블럼,두산,2.5,30,,,20,3,0,0,0.87,,194.2,165,13,29,6,189,57,54,1
851,2019,3,김광현,SK,2.51,31,,,17,6,0,0,0.739,,190.1,198,13,38,2,180,64,53,1.24
852,2019,4,켈리,LG,2.55,29,,,14,12,0,0,0.538,,180.1,164,7,41,16,126,70,51,1.14
853,2019,5,산체스,SK,2.62,28,,,17,5,0,0,0.773,,165,151,2,42,2,148,51,48,1.17
854,2019,6,윌슨,LG,2.92,30,,,14,7,0,0,0.667,,185,171,7,44,10,137,77,60,1.16
855,2019,7,브리검,키움,2.96,28,,,13,5,0,0,0.722,,158.1,148,5,46,12,130,62,52,1.23
856,2019,8,루친스키,NC,3.05,30,,,9,9,0,0,0.5,,177.1,164,13,45,11,119,68,60,1.18
857,2019,9,요키시,키움,3.13,30,,,13,9,0,0,0.591,,181.1,166,9,39,11,141,72,63,1.13
858,2019,10,유희관,두산,3.25,28,,,11,8,0,0,0.579,,166.1,171,8,42,3,64,67,60,1.28
859,2019,11,최원태,키움,3.38,27,,,11,5,0,0,0.688,,157.1,165,5,36,5,105,68,59,1.28
860,2019,12,채드벨,한화,3.5,29,,,11,10,0,0,0.524,,177.1,169,14,63,10,134,73,69,1.31
861,2019,13,서폴드,한화,3.51,31,,,12,11,0,0,0.522,,192.1,191,8,54,8,135,84,75,1.27
862,2019,14,쿠에바스,KT,3.62,30,,,13,10,0,0,0.565,,184,153,18,63,12,135,80,74,1.17
863,2019,15,이영하,두산,3.64,29,,,17,4,0,0,0.81,,163.1,148,5,61,10,90,70,66,1.28
864,2019,16,문승원,SK,3.88,26,,,11,7,0,2,0.611,,144,130,23,33,3,99,63,62,1.13
865,2019,16,박종훈,SK,3.88,28,,,8,11,0,0,0.421,,144,157,12,59,13,100,72,62,1.5
866,2019,18,레일리,롯데,3.88,30,,,5,14,0,0,0.263,,181,191,10,65,8,140,88,78,1.41
867,2019,19,알칸타라,KT,4.01,27,,,11,11,0,0,0.5,,172.2,189,15,27,8,100,80,77,1.25
868,2019,20,이용찬,두산,4.07,26,,,7,10,0,0,0.412,,148.1,168,15,45,6,102,75,67,1.44
869,2019,21,차우찬,LG,4.12,29,,,13,8,0,0,0.619,,168.1,181,16,59,5,124,87,77,1.43
870,2019,22,백정현,삼성,4.24,28,,,8,10,0,0,0.444,,157,158,17,56,6,82,85,74,1.36
871,2019,23,다익손,롯데,4.34,29,,,6,10,0,0,0.375,,149.1,164,15,40,6,117,81,72,1.37
872,2019,24,윌랜드,KIA,4.75,28,,,8,10,0,0,0.444,,165,191,17,59,5,137,95,87,1.52
873,2019,25,윤성환,삼성,4.77,27,,,8,13,0,0,0.381,,145.1,168,14,50,7,65,87,77,1.5
874,2019,26,김민,KT,4.96,27,,,6,12,0,0,0.333,,150.2,175,16,65,4,91,88,83,1.59
875,2019,27,터너,KIA,5.46,28,,,7,13,0,0,0.35,,153.1,179,12,58,17,121,107,93,1.55
876,2020,1,요키시,키움,2.14,27,,,12,7,0,0,0.632,,159.2,144,6,25,6,115,53,38,1.06
877,2020,2,스트레일리,롯데,2.5,31,,,15,4,0,0,0.789,,194.2,148,10,51,7,205,61,54,1.02
878,2020,3,브룩스,KIA,2.5,23,,,11,4,0,0,0.733,,151.1,131,4,24,3,130,43,42,1.02
879,2020,4,알칸타라,두산,2.54,31,,,20,2,0,0,0.909,,198.2,174,12,30,9,182,58,56,1.03
880,2020,5,루친스키,NC,3.05,30,,,19,5,0,0,0.792,,183,173,14,57,11,167,67,62,1.26
881,2020,6,켈리,LG,3.32,28,,,15,7,0,0,0.682,,173.1,160,16,40,11,134,67,64,1.15
882,2020,7,뷰캐넌,삼성,3.45,27,,,15,7,0,0,0.682,,174.2,172,16,50,7,121,71,67,1.27
883,2020,8,최채흥,삼성,3.58,26,,,11,6,0,0,0.647,,146,131,12,51,7,123,67,58,1.25
884,2020,9,문승원,SK,3.65,25,,,6,8,0,0,0.429,,145.2,136,13,45,6,117,64,59,1.24
885,2020,10,임찬규,LG,4.08,27,,,10,9,0,0,0.526,,147.2,143,14,65,5,138,76,67,1.41
886,2020,11,쿠에바스,KT,4.1,27,,,10,8,0,0,0.556,,158,152,16,46,9,110,80,72,1.25
887,2020,12,데스파이네,KT,4.33,35,,,15,8,0,0,0.652,,207.2,233,18,68,8,152,105,100,1.45
888,2020,13,가뇽,KIA,4.34,28,,,11,8,0,0,0.579,,159.2,162,7,64,9,141,86,77,1.42
889,2020,14,윌슨,LG,4.42,25,,,10,8,0,0,0.556,,144.2,161,13,39,8,109,81,71,1.38
890,2020,15,라이트,NC,4.68,29,,,11,9,0,0,0.55,,157.2,164,12,63,10,125,87,82,1.44
891,2020,16,양현종,KIA,4.7,31,,,11,10,0,0,0.524,,172.1,180,13,64,5,149,99,90,1.42
892,2020,17,박세웅,롯데,4.7,28,,,8,10,0,0,0.444,,147.1,177,20,47,8,108,85,77,1.52
893,2020,18,박종훈,SK,4.81,29,,,13,11,0,0,0.542,,157.1,146,14,78,22,134,90,84,1.42
894,2020,19,서폴드,한화,4.91,28,,,10,13,0,0,0.435,,165,203,19,42,13,97,107,90,1.48
895,2020,20,핀토,SK,6.17,30,,,6,15,0,0,0.286,,162,198,19,90,11,112,121,111,1.78
896,2021,1,미란다,두산,2.33,28,,,14,5,0,0,0.737,,173.2,135,11,63,1,225,49,45,1.14
897,2021,2,백정현,삼성,2.63,27,,,14,5,0,0,0.737,,157.2,142,15,54,2,109,54,46,1.24
898,2021,3,고영표,KT,2.92,26,,,11,6,0,1,0.647,,166.2,147,9,27,14,130,59,54,1.04
899,2021,4,요키시,키움,2.93,31,,,16,9,0,0,0.64,,181.1,171,12,46,4,131,71,59,1.2
900,2021,5,원태인,삼성,3.06,26,,,14,7,0,0,0.667,,158.2,147,11,51,5,129,59,54,1.25
901,2021,6,뷰캐넌,삼성,3.1,30,,,16,5,0,0,0.762,,177,173,13,59,2,162,71,61,1.31
902,2021,7,켈리,LG,3.15,30,,,13,8,0,0,0.619,,177,160,12,60,11,142,64,62,1.24
903,2021,8,루친스키,NC,3.17,30,,,15,10,0,0,0.6,,178.2,160,12,55,10,177,76,63,1.2
904,2021,9,킹험,한화,3.19,25,,,10,8,0,0,0.556,,144,117,11,41,5,131,58,51,1.1
905,2021,10,최원준,두산,3.3,29,,,12,4,0,0,0.75,,158.1,160,15,37,10,113,65,58,1.24
906,2021,11,데스파이네,KT,3.39,33,,,13,10,0,0,0.565,,188.2,175,10,78,7,165,81,71,1.34
907,2021,12,폰트,SSG,3.46,25,,,8,5,0,0,0.615,,145.2,114,12,45,6,157,66,56,1.09
908,2021,13,카펜터,한화,3.97,31,,,5,12,0,0,0.294,,170,150,16,72,19,179,90,75,1.31
909,2021,14,박세웅,롯데,3.98,28,,,10,9,0,0,0.526,,163,141,20,53,10,125,75,72,1.19
910,2021,15,김민우,한화,4,29,,,14,10,0,0,0.583,,155.1,131,15,76,7,125,71,69,1.33
911,2021,16,스트레일리,롯데,4.07,31,,,10,12,0,0,0.455,,165.2,162,12,67,7,164,85,75,1.38
912,2021,17,신민혁,NC,4.41,30,,,9,6,0,0,0.6,,145,155,17,44,5,107,75,71,1.37
913,2021,18,임기영,KIA,4.88,28,,,8,8,0,0,0.5,,153,155,15,45,11,129,85,83,1.31
914,2021,19,프랑코,롯데,5.4,37,,,9,8,0,1,0.529,,150,147,20,75,20,124,97,90,1.48
915,2022,1,안우진,키움,2.11,30,,,15,8,0,0,0.652,,196,131,4,55,4,224,51,46,0.95
916,2022,2,김광현,SSG,2.13,28,,,13,3,0,0,0.813,,173.1,141,10,45,5,153,48,41,1.07
917,2022,3,플럿코,LG,2.39,28,,,15,5,0,0,0.75,,162,125,13,38,2,149,53,43,1.01
918,2022,4,수아레즈,삼성,2.49,30,,,6,8,0,0,0.429,,173.2,151,7,50,4,159,61,48,1.16
919,2022,5,켈리,LG,2.54,27,,,16,4,0,0,0.8,,166.1,144,10,35,2,153,50,47,1.08
920,2022,6,요키시,키움,2.57,30,,,10,8,0,0,0.556,,185.1,169,8,33,5,154,61,53,1.09
921,2022,7,폰트,SSG,2.69,28,,,13,6,0,0,0.684,,184,141,18,34,6,170,63,55,0.95
922,2022,8,루친스키,NC,2.97,31,,,10,12,0,0,0.455,,193.2,184,14,34,8,194,77,64,1.13
923,2022,9,뷰캐넌,삼성,3.04,26,,,11,8,0,0,0.579,,160,176,10,39,8,117,61,54,1.34
924,2022,10,소형준,KT,3.05,27,,,13,6,0,0,0.684,,171.1,158,8,39,5,117,68,58,1.15
925,2022,11,고영표,KT,3.26,28,,,13,8,0,0,0.619,,182.1,191,7,23,16,156,69,66,1.17
926,2022,12,스탁,두산,3.6,29,,,9,10,0,0,0.474,,165,162,9,83,10,138,87,66,1.48
927,2022,12,최원준,두산,3.6,30,,,8,13,0,0,0.381,,165,183,21,37,7,113,80,66,1.33
928,2022,14,반즈,롯데,3.62,31,,,12,12,0,0,0.5,,186.1,176,8,47,18,160,87,75,1.2
929,2022,15,곽빈,두산,3.78,27,,,8,9,0,0,0.471,,147.2,143,13,60,11,138,69,62,1.37
930,2022,16,양현종,KIA,3.85,30,,,12,7,0,0,0.632,,175.1,170,14,50,3,141,86,75,1.25
931,2022,17,이의리,KIA,3.86,29,,,10,10,0,0,0.5,,154,128,18,74,9,161,79,66,1.31
932,2022,18,박세웅,롯데,3.89,28,,,10,11,0,0,0.476,,157.1,179,8,32,8,146,80,68,1.34
933,2022,19,원태인,삼성,3.92,27,,,10,8,0,0,0.556,,165.1,175,16,38,4,130,75,72,1.29
934,2022,20,김민우,한화,4.36,29,,,6,11,0,0,0.353,,163,143,16,84,8,129,82,79,1.39
935,2022,21,오원석,SSG,4.5,31,,,6,8,0,0,0.429,,144,158,16,58,3,112,79,72,1.5
936,2022,22,데스파이네,KT,4.53,30,,,8,12,0,0,0.4,,163,198,14,48,9,123,94,82,1.51
